Species:Chemical Name:Frequency in MHz (Err) (rest frame, redshifted):Meas Frequency in MHz (Err) (rest frame, redshifted):CDMS/JPL Intensity:Resolved QNs:Lovas/AST Intensity:E_L (cm^-1):E_L (K):E_U(cm^-1):E_U (K):Linelist:sijum2:sij:aij:Unresolved Quantum Numbers:Upper State Degeneracy:Molecule Tag
CH<sub>3</sub>C<sub>9</sub>N:Methylcyanotetraacetylene:1669.8958 (1.0E-4), 1669.8958: :-7.8512:4(0) - 3(0): :0.0836:0.12028:0.1393:0.20043:CDMS:337.96752:0.0:-8.9924: 4 0         3 0:18:137501
<i>l</i>-C<sub>7</sub>H<sub>2</sub>:Heptahexaenylidene:1701.2043 (3.0E-4), 1701.2043: :-8.0355: 1( 0, 1)- 0( 0, 0): :0.0:0.0:0.05675:0.08164:CDMS:59.2853:1.0:-8.94597: 1 0 1       0 0 0:3:86501
C<sub>9</sub>S:Thiononaoctaenylidene:1781.7604 (1.0E-4), 1781.7604: :-6.7829:J = 4 - 3: :0.0891:0.1282:0.14853:0.21371:CDMS:219.03048:0.0:-8.79526: 4           3:9:140501
HC<sub>13</sub>N:Cyanohexaacetylene:1925.5062 (6.0E-4), 1925.5062: :-6.8789:J = 9 - 8: :0.2569:0.36962:0.32113:0.46203:CDMS:313.2733:0.0:-8.86326: 9           8:19:171501
HC<sub>11</sub>N:Cyanopentaacetylene:2028.7551 (4.0E-4), 2028.7551: :-6.8764:J = 6 - 5: :0.1692:0.24344:0.23687:0.34081:CDMS:179.51636:0.0:-8.87222: 6           5:13:147501
HC<sub>11</sub>N:Cyanopentaacetylene:2028.7551 (4.0E-4), 2028.7551: :-6.7518:6-5: :0.1692:0.24344:0.23687:0.3408:JPL:230.63109:6.0:-8.7634:J=6-5:13:147001
C<sub>9</sub>H:Nonatetraynylidyne:2064.5436 (0.0059), 2064.5436: :-7.4649:J=5/2-3/2, &Omega;=1/2,  F= 3- 2, <i>l</i>=e: :0.0414:0.05957:0.11027:0.15865:CDMS:137.23011:2.801:-8.69724: 3-1 3 3     2 1 2 2:7:109501
C<sub>9</sub>H:Nonatetraynylidyne:2065.0666 (0.0145), 2065.0666: :-7.6568:J=5/2-3/2, &Omega;=1/2,  F= 2- 1, <i>l</i>=e: :0.0414:0.05957:0.11028:0.15867:CDMS:88.17174:1.799:-8.7429: 3-1 3 2     2 1 2 1:5:109501
C<sub>9</sub>H:Nonatetraynylidyne:2065.4019 (0.006), 2065.4019: :-7.4646:J=5/2-3/2, &Omega;=1/2,  F= 3- 2, <i>l</i>=f: :0.0415:0.05971:0.11039:0.15883:CDMS:137.21091:2.8:-8.69676: 3 1 3 3     2-1 2 2:7:109501
C<sub>9</sub>H:Nonatetraynylidyne:2066.0376 (0.0143), 2066.0376: :-7.6565:J=5/2-3/2, &Omega;=1/2,  F= 2- 1, <i>l</i>=f: :0.0414:0.05957:0.11032:0.15872:CDMS:88.14976:1.799:-8.7424: 3 1 3 2     2-1 2 1:5:109501
C<sub>9</sub>H:Nonatetraynylidyne:2067.2154 (4.0E-4), 2067.2154: :-7.5881:J=5/2-3/2, &Omega;=3/2,  F= 2- 1, <i>l</i>=e,f: :27.533:39.61362:27.60195:39.71283:CDMS:117.59437:2.4:-8.91752: 2 1 3 2     1 1 2 1:10:109501
C<sub>9</sub>H:Nonatetraynylidyne:2067.224 (4.0E-4), 2067.224: :-7.6972:J=5/2-3/2, &Omega;=3/2,  F= 3- 2, <i>l</i>=f: :27.533:39.61362:27.60196:39.71283:CDMS:91.47089:1.867:-8.87172: 2-1 3 3     1 1 2 2:7:109501
C<sub>9</sub>H:Nonatetraynylidyne:2067.2241 (4.0E-4), 2067.2241: :-7.6972:J=5/2-3/2, &Omega;=3/2,  F= 3- 2, <i>l</i>=e: :27.533:39.61362:27.60196:39.71283:CDMS:91.47088:1.867:-8.87172: 2 1 3 3     1-1 2 2:7:109501
CH<sub>3</sub>C<sub>9</sub>N:Methylcyanotetraacetylene:2087.3208 (7.0E-4), 2087.3208: :-7.5521:5(3) - 4(3): :47.5315:68.38767:47.60113:68.48785:CDMS:540.77545:0.0:-8.88573: 5 3         4 3:44:137501
CH<sub>3</sub>C<sub>9</sub>N:Methylcyanotetraacetylene:2087.3479 (3.0E-4), 2087.3479: :-7.6802:5(2) - 4(2): :21.2044:30.5086:21.27403:30.60878:CDMS:354.87068:0.0:-8.76763: 5 2         4 2:22:137501
CH<sub>3</sub>C<sub>9</sub>N:Methylcyanotetraacetylene:2087.3642 (2.0E-4), 2087.3642: :-7.5893:5(1) - 4(1): :5.4058:7.77779:5.47543:7.87797:CDMS:405.56188:0.0:-8.70964: 5 1         4 1:22:137501
CH<sub>3</sub>C<sub>9</sub>N:Methylcyanotetraacetylene:2087.3696 (2.0E-4), 2087.3696: :-7.5606:5(0) - 4(0): :0.1393:0.20042:0.20893:0.3006:CDMS:422.45992:0.0:-8.6919: 5 0         4 0:22:137501
C<sub>10</sub>H:Decapentaynyl:2108.2452 (0.0016), 2108.2452: :-7.1877:J=7/2-5/2, &Omega;=1/2, <i>l</i>=f: :23.4197:33.69553:23.49002:33.79671:CDMS:192.87235:3.429:-8.58062: 4-1 4       3 1 3:8:121501
C<sub>10</sub>H:Decapentaynyl:2108.8101 (4.0E-4), 2108.8101: :-7.218:J=7/2-5/2, &Omega;=3/2, <i>l</i>=e: :0.0502:0.07223:0.12054:0.17343:CDMS:160.71728:2.857:-8.65948: 3-1 4       2 1 3:8:121501
C<sub>10</sub>H:Decapentaynyl:2108.8108 (4.0E-4), 2108.8108: :-7.218:J=7/2-5/2, &Omega;=3/2, <i>l</i>=f: :0.0502:0.07223:0.12054:0.17343:CDMS:160.71717:2.857:-8.65948: 3 1 4       2-1 3:8:121501
C<sub>10</sub>H:Decapentaynyl:2113.0059 (0.0016), 2113.0059: :-7.1858:J=7/2-5/2, &Omega;=1/2, <i>l</i>=e: :23.4201:33.69611:23.49058:33.79751:CDMS:192.84651:3.428:-8.57774: 4 1 4       3-1 3:8:121501
HC<sub>13</sub>N:Cyanohexaacetylene:2139.4513 (7.0E-4), 2139.4513: :-6.7417:J = 10 - 9: :0.3211:0.46199:0.39246:0.56467:CDMS:348.1365:0.0:-8.72363:10           9:21:171501
DC<sub>7</sub>N:2,4,6-Heptatriynenitrile:2181.2608 (3.0E-4), 2181.2608: :-6.8916:2-1: :0.0364:0.05237:0.10916:0.15705:CDMS:46.46605:2.0:-8.94978:J=2-1:5:100502
H<sup>13</sup>CC<sub>6</sub>N:2,4,6-Heptatriynenitrile:2206.5758 (3.0E-4), 2206.5758: :-6.8766:2-1: :0.0368:0.05295:0.1104:0.15885:CDMS:46.46277:2.0:-8.93477:J=2-1:5:100503
HC<sub>7</sub><sup>15</sup>N:2,4,6-Heptatriynenitrile:2209.0134 (5.0E-4), 2209.0134: :-6.8751:2-1: :0.0368:0.05295:0.11048:0.15896:CDMS:46.46926:2.0:-8.93328:J=2-1:5:100510
C<sub>9</sub>S:Thiononaoctaenylidene:2227.2004 (2.0E-4), 2227.2004: :-6.4923:J = 5 - 4: :0.1486:0.2138:0.22289:0.32069:CDMS:273.79403:0.0:-8.49476: 5           4:11:140501
HC<sup>13</sup>CC<sub>5</sub>N:2,4,6-Heptatriynenitrile:2229.3288 (3.0E-4), 2229.3288: :-6.8632:2-1: :0.0372:0.05352:0.11156:0.16051:CDMS:46.46671:2.0:-8.92137:J=2-1:5:100504
HC<sub>6</sub><sup>13</sup>CN:2,4,6-Heptatriynenitrile:2230.1574 (3.0E-4), 2230.1574: :-6.8627:2-1: :0.0372:0.05352:0.11159:0.16055:CDMS:46.46802:2.0:-8.92088:J=2-1:5:100509
HC<sub>2</sub><sup>13</sup>CC<sub>4</sub>N:2,4,6-Heptatriynenitrile:2246.7739 (3.0E-4), 2246.7739: :-6.8531:2-1: :0.0375:0.05395:0.11244:0.16178:CDMS:46.46079:2.0:-8.91127:J=2-1:5:100505
HC<sub>5</sub><sup>13</sup>CCN:2,4,6-Heptatriynenitrile:2247.3084 (3.0E-4), 2247.3084: :-6.8527:2-1: :0.0375:0.05395:0.11246:0.16181:CDMS:46.47016:2.0:-8.91087:J=2-1:5:100508
CH<sub>3</sub>C<sub>7</sub>N:Methylcyanotriacetylene:2248.2938 (2.0E-4), 2248.2938: :-7.8324: 3( 2)- 2( 2): :21.118:30.38392:21.193:30.49182:CDMS:119.99672:1.665:-8.94547: 3 2         2 2:14:113501
CH<sub>3</sub>C<sub>7</sub>N:Methylcyanotriacetylene:2248.319, 2248.319: :-7.5954: 3( 1)- 2( 1): :5.336:7.67727:5.411:7.78517:CDMS:191.99432:2.665:-8.74133: 3 1         2 1:14:113501
CH<sub>3</sub>C<sub>7</sub>N:Methylcyanotriacetylene:2248.3274, 2248.3274: :-7.5333: 3( 0)- 2( 0),  F= 3- 2: :0.075:0.10791:0.15:0.21581:CDMS:215.98688:3.0:-8.69019: 3 0         2 0:14:113501
HC<sub>3</sub><sup>13</sup>CC<sub>3</sub>N:2,4,6-Heptatriynenitrile:2254.7311 (3.0E-4), 2254.7311: :-6.8485:2-1: :0.0376:0.0541:0.11281:0.16231:CDMS:46.45993:2.0:-8.90667:J=2-1:5:100506
HC<sub>4</sub><sup>13</sup>CC<sub>2</sub>N:2,4,6-Heptatriynenitrile:2254.9293 (3.0E-4), 2254.9293: :-6.8483:2-1: :0.0376:0.0541:0.11282:0.16232:CDMS:46.46906:2.0:-8.90647:J=2-1:5:100507
HC<sub>7</sub>N <font color="red">v = 0</font>:2,4,6-Heptatriynenitrile:2256.003 (6.0E-4), 2256.003: :-7.1919:J= 2- 1,  F= 2- 1:0:0.0376:0.0541:0.11285:0.16237:JPL:37.49715:1.5:-8.99902: 2 2         1 1:5:99002
HC<sub>7</sub>N <font color="red">v = 0</font>:2,4,6-Heptatriynenitrile:2256.0044, 2256.0044: :-6.8477:J = 2 - 1: :0.0376:0.0541:0.11285:0.16237:CDMS:139.39863:0.0:-8.90588: 2           1:15:99501
HC<sub>7</sub>N <font color="red">v = 0</font>:2,4,6-Heptatriynenitrile:2256.0914 (7.0E-4), 2256.0914: :-6.9208:J= 2- 1,  F= 3- 2:0:0.0376:0.0541:0.11286:0.16237:JPL:69.99456:2.8:-8.87403: 2 3         1 2:7:99002
HC<sub>7</sub>N <font color="red">v = 0</font>:2,4,6-Heptatriynenitrile:2256.0962 (0.0011), 2256.0962: :-7.1787:J = 2 - 1, F = 3 - 2: :0.0376:0.0541:0.11286:0.16237:CDMS:65.04638:0.0:-8.90587: 2 3         1 2:7:99501
DC<sub>9</sub>N:Cyanotetraacetylene:2263.2563 (1.0E-4), 2263.2563: :-7.401:J = 4 - 3, F = 3 - 2: :0.1133:0.16301:0.18879:0.27163:CDMS:77.2545:0.0:-8.82704: 4 3         3 2:7:124501
DC<sub>9</sub>N:Cyanotetraacetylene:2263.3481 (1.0E-4), 2263.3481: :-7.2829:J = 4 - 3, F = 4 - 3: :0.1132:0.16287:0.1887:0.27149:CDMS:101.38842:0.0:-8.81807: 4 4         3 3:9:124501
DC<sub>9</sub>N:Cyanotetraacetylene:2263.3481 (1.0E-4), 2263.3481: :-6.7777:J = 4 - 3: :0.1132:0.16287:0.1887:0.27149:CDMS:324.48031:0.0:-8.78999: 4           3:27:124501
DC<sub>9</sub>N:Cyanotetraacetylene:2263.3806 (1.0E-4), 2263.3806: :-7.1677:J = 4 - 3, F = 5 - 4: :0.1133:0.16301:0.1888:0.27164:CDMS:132.18315:0.0:-8.79001: 4 5         3 4:11:124501
H<sup>13</sup>CC<sub>8</sub>N:Cyanotetraacetylene:2280.3806 (1.0E-4), 2280.3806: :-7.3911:J = 4 - 3, F = 3 - 2: :0.1141:0.16417:0.19017:0.27361:CDMS:77.26912:0.0:-8.81714: 4 3         3 2:7:124502
H<sup>13</sup>CC<sub>8</sub>N:Cyanotetraacetylene:2280.4724 (1.0E-4), 2280.4724: :-7.273:J = 4 - 3, F = 4 - 3: :0.1141:0.16417:0.19017:0.27361:CDMS:101.40771:0.0:-8.80816: 4 4         3 3:9:124502
H<sup>13</sup>CC<sub>8</sub>N:Cyanotetraacetylene:2280.4724 (1.0E-4), 2280.4724: :-6.7679:J = 4 - 3: :0.1141:0.16417:0.19017:0.27361:CDMS:324.46733:0.0:-8.78018: 4           3:27:124502
H<sup>13</sup>CC<sub>8</sub>N:Cyanotetraacetylene:2280.5049 (1.0E-4), 2280.5049: :-7.1578:J = 4 - 3, F = 5 - 4: :0.1141:0.16417:0.19017:0.27361:CDMS:132.20826:0.0:-8.78011: 4 5         3 4:11:124502
HC<sub>9</sub><sup>15</sup>N:Cyanotetraacetylene:2282.3583 (1.0E-4), 2282.3583: :-6.7668:J = 4 - 3: :0.1142:0.16431:0.19033:0.27385:CDMS:108.16159:0.0:-8.77908: 4           3:9:124511
C<sub>7</sub>O:Heptacarbon monoxide:2291.7639 (2.0E-4), 2291.7639: :-6.9031:2-1: :0.0382:0.05496:0.11465:0.16495:JPL:39.01768:2.0:-8.96127:J=2-1:5:100001
HC<sup>13</sup>CC<sub>7</sub>N:Cyanotetraacetylene:2296.5469 (1.0E-4), 2296.5469: :-7.3819:J = 4 - 3, F = 3 - 2: :0.1149:0.16532:0.1915:0.27553:CDMS:77.26888:0.0:-8.80793: 4 3         3 2:7:124503
HC<sup>13</sup>CC<sub>7</sub>N:Cyanotetraacetylene:2296.6387 (1.0E-4), 2296.6387: :-7.2638:J = 4 - 3, F = 4 - 3: :0.1149:0.16532:0.19151:0.27554:CDMS:101.40746:0.0:-8.79896: 4 4         3 3:9:124503
HC<sup>13</sup>CC<sub>7</sub>N:Cyanotetraacetylene:2296.6387 (1.0E-4), 2296.6387: :-6.7587:J = 4 - 3: :0.1149:0.16532:0.19151:0.27554:CDMS:324.46654:0.0:-8.77098: 4           3:27:124503
HC<sup>13</sup>CC<sub>7</sub>N:Cyanotetraacetylene:2296.6712 (1.0E-4), 2296.6712: :-7.1486:J = 4 - 3, F = 5 - 4: :0.1149:0.16532:0.19151:0.27554:CDMS:132.20797:0.0:-8.7709: 4 5         3 4:11:124503
HC<sub>8</sub><sup>13</sup>CN:Cyanotetraacetylene:2297.2749 (1.0E-4), 2297.2749: :-7.388:J = 4 - 3, F = 3 - 2: :0.115:0.16546:0.19163:0.27571:CDMS:76.11881:0.0:-8.81403: 4 3         3 2:7:124510
HC<sub>8</sub><sup>13</sup>CN:Cyanotetraacetylene:2297.3667 (1.0E-4), 2297.3667: :-6.7583:J = 4 - 3: :0.1149:0.16532:0.19153:0.27557:CDMS:324.45694:0.0:-8.77058: 4           3:27:124510
HC<sub>8</sub><sup>13</sup>CN:Cyanotetraacetylene:2297.3667 (1.0E-4), 2297.3667: :-7.2699:J = 4 - 3, F = 4 - 3: :0.1149:0.16532:0.19153:0.27557:CDMS:99.89806:0.0:-8.80506: 4 4         3 3:9:124510
HC<sub>8</sub><sup>13</sup>CN:Cyanotetraacetylene:2297.3992 (1.0E-4), 2297.3992: :-7.1547:J = 4 - 3, F = 5 - 4: :0.115:0.16546:0.19163:0.27572:CDMS:130.24018:0.0:-8.777: 4 5         3 4:11:124510
HC<sub>2</sub><sup>13</sup>CC<sub>6</sub>N:Cyanotetraacetylene:2310.3834 (1.0E-4), 2310.3834: :-7.3741:J = 4 - 3, F = 3 - 2: :0.1156:0.16632:0.19267:0.27721:CDMS:77.26462:0.0:-8.80013: 4 3         3 2:7:124504
HC<sub>2</sub><sup>13</sup>CC<sub>6</sub>N:Cyanotetraacetylene:2310.4752 (1.0E-4), 2310.4752: :-7.256:J = 4 - 3, F = 4 - 3: :0.1156:0.16632:0.19267:0.27721:CDMS:101.40192:0.0:-8.79116: 4 4         3 3:9:124504
HC<sub>2</sub><sup>13</sup>CC<sub>6</sub>N:Cyanotetraacetylene:2310.4752 (1.0E-4), 2310.4752: :-6.7509:J = 4 - 3: :0.1156:0.16632:0.19267:0.27721:CDMS:324.4488:0.0:-8.76318: 4           3:27:124504
HC<sub>2</sub><sup>13</sup>CC<sub>6</sub>N:Cyanotetraacetylene:2310.5077 (1.0E-4), 2310.5077: :-7.1408:J = 4 - 3, F = 5 - 4: :0.1156:0.16632:0.19267:0.27721:CDMS:132.20076:0.0:-8.7631: 4 5         3 4:11:124504
HC<sub>7</sub><sup>13</sup>CCN:Cyanotetraacetylene:2310.9452 (1.0E-4), 2310.9452: :-7.3829:J = 4 - 3, F = 3 - 2: :0.1157:0.16647:0.19278:0.27738:CDMS:75.65962:0.0:-8.80893: 4 3         3 2:7:124509
HC<sub>7</sub><sup>13</sup>CCN:Cyanotetraacetylene:2311.037 (1.0E-4), 2311.037: :-7.2647:J = 4 - 3, F = 4 - 3: :0.1156:0.16632:0.19269:0.27724:CDMS:99.31834:0.0:-8.79986: 4 4         3 3:9:124509
HC<sub>7</sub><sup>13</sup>CCN:Cyanotetraacetylene:2311.037 (1.0E-4), 2311.037: :-6.7505:J = 4 - 3: :0.1156:0.16632:0.19269:0.27724:CDMS:324.51104:0.0:-8.76278: 4           3:27:124509
HC<sub>7</sub><sup>13</sup>CCN:Cyanotetraacetylene:2311.0695 (1.0E-4), 2311.0695: :-7.1496:J = 4 - 3, F = 5 - 4: :0.1156:0.16632:0.19269:0.27724:CDMS:129.45453:0.0:-8.7719: 4 5         3 4:11:124509
HC<sub>3</sub><sup>13</sup>CC<sub>5</sub>N:Cyanotetraacetylene:2318.7501 (1.0E-4), 2318.7501: :-7.3694:J = 4 - 3, F = 3 - 2: :0.1161:0.16704:0.19345:0.27833:CDMS:77.26317:0.0:-8.79543: 4 3         3 2:7:124505
HC<sub>3</sub><sup>13</sup>CC<sub>5</sub>N:Cyanotetraacetylene:2318.8419 (1.0E-4), 2318.8419: :-7.2513:J = 4 - 3, F = 4 - 3: :0.116:0.1669:0.19335:0.27819:CDMS:101.4:0.0:-8.78646: 4 4         3 3:9:124505
HC<sub>3</sub><sup>13</sup>CC<sub>5</sub>N:Cyanotetraacetylene:2318.8419 (1.0E-4), 2318.8419: :-6.7462:J = 4 - 3: :0.116:0.1669:0.19335:0.27819:CDMS:324.44265:0.0:-8.75848: 4           3:27:124505
HC<sub>3</sub><sup>13</sup>CC<sub>5</sub>N:Cyanotetraacetylene:2318.8744 (1.0E-4), 2318.8744: :-7.1361:J = 4 - 3, F = 5 - 4: :0.116:0.1669:0.19335:0.27819:CDMS:132.19827:0.0:-8.7584: 4 5         3 4:11:124505
HC<sub>6</sub><sup>13</sup>CC<sub>2</sub>N:Cyanotetraacetylene:2319.0948 (1.0E-4), 2319.0948: :-7.3692:J = 4 - 3, F = 3 - 2: :0.1161:0.16704:0.19346:0.27834:CDMS:77.26431:0.0:-8.79523: 4 3         3 2:7:124508
HC<sub>6</sub><sup>13</sup>CC<sub>2</sub>N:Cyanotetraacetylene:2319.1865 (1.0E-4), 2319.1865: :-7.2511:J = 4 - 3, F = 4 - 3: :0.116:0.1669:0.19336:0.2782:CDMS:101.4015:0.0:-8.78626: 4 4         3 3:9:124508
HC<sub>6</sub><sup>13</sup>CC<sub>2</sub>N:Cyanotetraacetylene:2319.1865 (1.0E-4), 2319.1865: :-6.746:J = 4 - 3: :0.116:0.1669:0.19336:0.2782:CDMS:324.44747:0.0:-8.75828: 4           3:27:124508
HC<sub>6</sub><sup>13</sup>CC<sub>2</sub>N:Cyanotetraacetylene:2319.219 (1.0E-4), 2319.219: :-7.1359:J = 4 - 3, F = 5 - 4: :0.1161:0.16704:0.19346:0.27835:CDMS:132.20029:0.0:-8.7582: 4 5         3 4:11:124508
HC<sub>4</sub><sup>13</sup>CC<sub>4</sub>N:Cyanotetraacetylene:2323.487 (1.0E-4), 2323.487: :-7.3668:J = 4 - 3, F = 3 - 2: :0.1163:0.16733:0.1938:0.27884:CDMS:77.25282:0.0:-8.79283: 4 3         3 2:7:124506
HC<sub>4</sub><sup>13</sup>CC<sub>4</sub>N:Cyanotetraacetylene:2323.5787 (1.0E-4), 2323.5787: :-7.2486:J = 4 - 3, F = 4 - 3: :0.1162:0.16719:0.19371:0.2787:CDMS:101.40979:0.0:-8.78376: 4 4         3 3:9:124506
HC<sub>4</sub><sup>13</sup>CC<sub>4</sub>N:Cyanotetraacetylene:2323.5787 (1.0E-4), 2323.5787: :-6.7435:J = 4 - 3: :0.1163:0.16733:0.19381:0.27885:CDMS:324.47413:0.0:-8.75578: 4           3:27:124506
HC<sub>5</sub><sup>13</sup>CC<sub>3</sub>N:Cyanotetraacetylene:2323.589 (1.0E-4), 2323.589: :-7.3667:J = 4 - 3, F = 3 - 2: :0.1163:0.16733:0.19381:0.27885:CDMS:77.26043:0.0:-8.79273: 4 3         3 2:7:124507
HC<sub>4</sub><sup>13</sup>CC<sub>4</sub>N:Cyanotetraacetylene:2323.6112 (1.0E-4), 2323.6112: :-7.1335:J = 4 - 3, F = 5 - 4: :0.1163:0.16733:0.19381:0.27885:CDMS:132.18066:0.0:-8.7558: 4 5         3 4:11:124506
HC<sub>5</sub><sup>13</sup>CC<sub>3</sub>N:Cyanotetraacetylene:2323.6808 (1.0E-4), 2323.6808: :-7.2486:J = 4 - 3, F = 4 - 3: :0.1162:0.16719:0.19371:0.27871:CDMS:101.39642:0.0:-8.78376: 4 4         3 3:9:124507
HC<sub>5</sub><sup>13</sup>CC<sub>3</sub>N:Cyanotetraacetylene:2323.6808 (1.0E-4), 2323.6808: :-6.7434:J = 4 - 3: :0.1163:0.16733:0.19381:0.27885:CDMS:324.50608:0.0:-8.75568: 4           3:27:124507
HC<sub>5</sub><sup>13</sup>CC<sub>3</sub>N:Cyanotetraacetylene:2323.7133 (1.0E-4), 2323.7133: :-7.1334:J = 4 - 3, F = 5 - 4: :0.1163:0.16733:0.19381:0.27885:CDMS:132.19368:0.0:-8.7557: 4 5         3 4:11:124507
HC<sub>9</sub>N:Cyanotetraacetylene:2324.0545 (1.0E-4), 2324.0545: :-7.3664:J = 4 - 3, F = 3 - 2: :0.1163:0.16733:0.19382:0.27887:CDMS:77.26738:0.0:-8.79243: 4 3         3 2:7:123501
HC<sub>9</sub>N:Cyanotetraacetylene:2324.1463 (1.0E-4), 2324.1463: :-7.2483:J = 4 - 3, F = 4 - 3: :0.1163:0.16733:0.19383:0.27887:CDMS:101.40558:0.0:-8.78346: 4 4         3 3:9:123501
HC<sub>9</sub>N:Cyanotetraacetylene:2324.1463 (1.0E-4), 2324.1463: :-6.7432:J = 4 - 3: :0.1163:0.16733:0.19383:0.27887:CDMS:324.46053:0.0:-8.75548: 4           3:27:123501
HC<sub>9</sub>N:Cyanotetraacetylene:2324.1463 (7.0E-4), 2324.1463: :-6.249:4-3: :0.1163:0.16733:0.19383:0.27887:JPL:125.43094:4.0:-8.69111:J=4-3:9:123001
HC<sub>9</sub>N:Cyanotetraacetylene:2324.1788 (1.0E-4), 2324.1788: :-7.1331:J = 4 - 3, F = 5 - 4: :0.1163:0.16733:0.19383:0.27887:CDMS:132.20556:0.0:-8.7554: 4 5         3 4:11:123501
C<sub>8</sub>H<sup>-</sup>:1,3,5,7-Octatetraynyl anion:2333.3604 (3.0E-4), 2333.3604: :: 2- 1: :0.0389:0.05597:0.11673:0.16795:CDMS:216.33275:2.0:-8.19397: 2           1:5:97502
C<sub>8</sub>O:Octacarbon monoxide :2346.8865 (5.0E-4), 2346.8865: :-7.2951: 3( 4)- 2( 3): :0.0783:0.11266:0.15658:0.22529:JPL:64.26188:2.999:-8.85973: 4 3         3 2:7:112002
C<sub>9</sub>O:Nonacarbon monoxide:2349.8886 (3.0E-4), 2349.8886: :-6.6917:4-3: :0.1176:0.1692:0.19598:0.28198:JPL:117.55739:4.0:-8.70492:J=4-3:9:124001
HC<sub>13</sub>N:Cyanohexaacetylene:2353.3964 (7.0E-4), 2353.3964: :-6.6177:J = 11 - 10: :0.3925:0.56472:0.471:0.67767:CDMS:382.93084:0.0:-8.59759:11          10:23:171501
HC<sub>11</sub>N:Cyanopentaacetylene:2366.8809 (4.0E-4), 2366.8809: :-6.6757:J = 7 - 6: :0.2369:0.34085:0.31585:0.45444:CDMS:209.44174:0.0:-8.66656: 7           6:15:147501
HC<sub>11</sub>N:Cyanopentaacetylene:2366.8809 (4.0E-4), 2366.8809: :-6.5511:7-6: :0.2369:0.34084:0.31585:0.45444:JPL:269.07729:7.0:-8.55775:J=7-6:15:147001
C<sub>6</sub>S:Thiohexapentaenylidene:2370.8193 (1.0E-4), 2370.8193: ::N= 3- 2, J= 2- 1: :0.0395:0.05683:0.11858:0.17061:CDMS:58.31572:2.0:-8.74256: 3 2         2 1    :5:104501
C<sub>6</sub>S:Thiohexapentaenylidene:2388.5219 (1.0E-4), 2388.5219: ::N= 2- 1, J= 2- 1: :10.8718:15.64201:10.95147:15.75664:CDMS:43.74078:1.5:-8.85776: 2 2         1 1    :5:104501
C<sub>8</sub>O:Octacarbon monoxide :2403.8561 (5.0E-4), 2403.8561: :-7.33: 3( 3)- 2( 2): :2.3281:3.3496:2.40828:3.46496:JPL:57.13584:2.666:-8.87953: 3 3         2 2:7:112002
C<sub>6</sub>S:Thiohexapentaenylidene:2406.1524 (1.0E-4), 2406.1524: ::N= 1- 0, J= 2- 1: :10.8721:15.64244:10.95236:15.75791:CDMS:43.74214:1.5:-8.84817: 1 2         0 1    :5:104501
KCN, KNC:Potassium cyanide, potassium isocyanide:2423.0 (0.1), 2423.0: :: 3( 1, 2)- 3( 1, 3): :3.6413:5.23899:3.72212:5.35527:CDMS:57.86652:0.583:-8.86368: 3 1 2       3 1 3:7:-65508
SiC<sub>6</sub>:Hexatriynylidenesilylidyne:2445.0039 (3.0E-4), 2445.0039: :-6.2761:2-1: :0.0408:0.0587:0.12236:0.17604:CDMS:136.12876:2.0:-8.33425:J=2-1:5:100501
C<sub>8</sub>O:Octacarbon monoxide :2460.8096 (8.0E-4), 2460.8096: :-7.3096: 3( 2)- 2( 1): :2.33:3.35233:2.41208:3.47043:JPL:57.14463:2.667:-8.84895: 2 3         1 2:7:112002
C7S:Thioheptahexaenylidene:2486.568 (2.0E-4), 2486.568: :-6.5023:3 - 2: :0.0829:0.11927:0.16584:0.23861:CDMS:115.33129:3.0:-8.53042:3 2:7:116501
CH<sub>3</sub>C<sub>9</sub>N:Methylcyanotetraacetylene:2504.6967 (4.0E-4), 2504.6967: :-7.9076:6(2) - 5(2), F = 6 - 5: :21.274:30.60874:21.35755:30.72895:CDMS:146.05249:0.0:-8.98826: 6 2 6       5 2 5:26:137501
CH<sub>3</sub>C<sub>9</sub>N:Methylcyanotetraacetylene:2504.7848 (9.0E-4), 2504.7848: :-7.2458:6(3) - 5(3): :47.6011:68.48781:47.68465:68.60802:CDMS:760.52589:0.0:-8.57264: 6 3         5 3:52:137501
CH<sub>3</sub>C<sub>9</sub>N:Methylcyanotetraacetylene:2504.8068 (2.0E-4), 2504.8068: :-7.8358:6(1) - 5(1), F = 6 - 5: :5.4754:7.87793:5.55895:7.99814:CDMS:159.72194:0.0:-8.94935: 6 1 6       5 1 5:26:137501
CH<sub>3</sub>C<sub>9</sub>N:Methylcyanotetraacetylene:2504.8113 (2.0E-4), 2504.8113: :-7.8875:6(0) - 5(0), F = 5 - 4: :0.2089:0.30056:0.29245:0.42078:CDMS:138.25908:0.0:-8.93947: 6 0 5       5 0 4:22:137501
CH<sub>3</sub>C<sub>9</sub>N:Methylcyanotetraacetylene:2504.8174 (4.0E-4), 2504.8174: :-7.4182:6(2) - 5(2): :21.274:30.60874:21.35755:30.72895:CDMS:450.6788:0.0:-8.49884: 6 2         5 2:26:137501
CH<sub>3</sub>C<sub>9</sub>N:Methylcyanotetraacetylene:2504.8272 (2.0E-4), 2504.8272: :-7.9107:6(1) - 5(1), F = 5 - 4: :5.4755:7.87807:5.55905:7.99829:CDMS:134.41809:0.0:-8.9517: 6 1 5       5 1 4:22:137501
CH<sub>3</sub>C<sub>9</sub>N:Methylcyanotetraacetylene:2504.8369 (2.0E-4), 2504.8369: :-7.3464:6(1) - 5(1): :5.4754:7.87793:5.55895:7.99814:CDMS:492.8947:0.0:-8.45995: 6 1         5 1:26:137501
CH<sub>3</sub>C<sub>9</sub>N:Methylcyanotetraacetylene:2504.8435 (2.0E-4), 2504.8435: :-7.8125:6(0) - 5(0), F = 6 - 5: :0.2088:0.30042:0.29235:0.42063:CDMS:164.31692:0.0:-8.93701: 6 0 6       5 0 5:26:137501
CH<sub>3</sub>C<sub>9</sub>N:Methylcyanotetraacetylene:2504.8435 (2.0E-4), 2504.8435: :-7.3232:6(0) - 5(0): :0.2089:0.30056:0.29245:0.42078:CDMS:506.97028:0.0:-8.44771: 6 0         5 0:26:137501
CH<sub>3</sub>C<sub>9</sub>N:Methylcyanotetraacetylene:2504.8598 (2.0E-4), 2504.8598: :-7.7381:6(0) - 5(0), F = 7 - 6: :0.2089:0.30056:0.29245:0.42078:CDMS:195.01896:0.0:-8.92476: 6 0 7       5 0 6:30:137501
CH<sub>3</sub>C<sub>9</sub>N:Methylcyanotetraacetylene:2504.8637 (2.0E-4), 2504.8637: :-7.7614:6(1) - 5(1), F = 7 - 6: :5.4755:7.87807:5.55905:7.99829:CDMS:189.55929:0.0:-8.93709: 6 1 7       5 1 6:30:137501
CH<sub>3</sub>C<sub>9</sub>N:Methylcyanotetraacetylene:2504.8748 (4.0E-4), 2504.8748: :-7.9825:6(2) - 5(2), F = 5 - 4: :21.274:30.60874:21.35755:30.72896:CDMS:122.89868:0.0:-8.99058: 6 2 5       5 2 4:22:137501
CH<sub>3</sub>C<sub>9</sub>N:Methylcyanotetraacetylene:2504.8755 (4.0E-4), 2504.8755: :-7.8332:6(2) - 5(2), F = 7 - 6: :21.274:30.60874:21.35755:30.72896:CDMS:173.31932:0.0:-8.97598: 6 2 7       5 2 6:30:137501
DCCCCCN:Cyanobutadiyne:2542.1127 (0.001), 2542.1127: :-6.7853:1-0: :0.0:0.0:0.0848:0.122:JPL:18.74198:1.0:-8.92279:J=1-0:3:76007
DCCCCCN:Cyanobutadiyne:2542.1156 (1.0E-4), 2542.1156: :-6.7852:1-0: :0.0:0.0:0.0848:0.122:CDMS:18.75065:1.0:-8.92259:J=1-0:3:76506
HC<sub>13</sub>N:Cyanohexaacetylene:2567.3414 (8.0E-4), 2567.3414: :-6.5045:J = 12 - 11: :0.471:0.67767:0.55664:0.80088:CDMS:417.74783:0.0:-8.48264:12          11:25:171501
<i>l</i>-HC<sub>4</sub>N:3-Cyano-1,2-propadienylidene:2570.0105 (5.0E-4), 2570.0105: :-7.0346: 1( 0)- 0( 1): :0.0:0.0:0.08573:0.12334:CDMS:102.49064:5.466:-8.94885: 0 1         1 0:18:63501
H<sup>13</sup>CCCCCN:Cyanobutadiyne:2593.3523 (1.0E-4), 2593.3523: :-6.7592:1-0: :0.0:0.0:0.0865:0.12446:CDMS:18.75088:1.0:-8.89658:J=1-0:3:76507
H<sup>13</sup>CCCCCN:Cyanobutadiyne:2593.3533 (6.0E-4), 2593.3533: :-6.7593:1-0: :0.0:0.0:0.0865:0.12446:JPL:18.74059:1.0:-8.89682:J=1-0:3:76005
HCCCCC<sup>15</sup>N:Cyanobutadiyne:2597.2783 (8.0E-4), 2597.2783: :-6.7573:1-0: :0.0:0.0:0.08664:0.12465:JPL:18.74432:1.0:-8.89476:J=1-0:3:76006
HCCCCC<sup>15</sup>N:Cyanobutadiyne:2597.2799 (1.0E-4), 2597.2799: :-6.7573:1-0: :0.0:0.0:0.08664:0.12465:CDMS:18.74779:1.0:-8.89468:J=1-0:3:76512
C<sub>7</sub>H:2,4,6-Heptatriynylidyne:2621.7624 (0.0184), 2621.7624: :-7.2996:J=3/2-1/2, &Omega;=1/2,  F= 2- 1, <i>l</i>=e: :2.0E-4:2.9E-4:0.08765:0.12611:CDMS:58.94825:1.668:-8.60679: 2 1 2 2     1-1 1 1:5:85501
C<sub>7</sub>H:2,4,6-Heptatriynylidyne:2623.7672 (0.0186), 2623.7672: :-7.2991:J=3/2-1/2, &Omega;=1/2,  F= 2- 1, <i>l</i>=f: :4.0E-4:5.8E-4:0.08792:0.1265:CDMS:58.92607:1.667:-8.60595: 2-1 2 2     1 1 1 1:5:85501
C<sub>7</sub>H:2,4,6-Heptatriynylidyne:2625.0906 (0.0997), 2625.0906: :-7.6976:J=3/2-1/2, &Omega;=1/2,  F= 1- 0, <i>l</i>=e: :2.0E-4:2.9E-4:0.08776:0.12627:CDMS:23.5163:0.665:-8.78239: 2 1 2 1     1-1 1 0:3:85501
C<sub>7</sub>H:2,4,6-Heptatriynylidyne:2628.7398 (0.0997), 2628.7398: :-7.697:J=3/2-1/2, &Omega;=1/2,  F= 1- 0, <i>l</i>=f: :0.0:0.0:0.08769:0.12616:CDMS:23.48347:0.664:-8.78118: 2-1 2 1     1 1 1 0:3:85501
HC<sup>13</sup>CCCCN:Cyanobutadiyne:2635.3785 (0.0011), 2635.3785: :-6.7384: 1- 0: :0.0:0.0:0.08791:0.12648:JPL:18.74227:1.0:-8.87584: 1           0:3:76004
HC<sup>13</sup>CCCCN:Cyanobutadiyne:2635.3788 (1.0E-4), 2635.3788: :-6.7383:1-0: :0.0:0.0:0.08791:0.12648:CDMS:18.74906:1.0:-8.87568:J=1-0:3:76508
HCCCC<sup>13</sup>CN:Cyanobutadiyne:2636.3598 (8.0E-4), 2636.3598: :-6.7379:1-0: :0.0:0.0:0.08794:0.12652:JPL:18.74126:1.0:-8.87537:J=1-0:3:76001
HCCCC<sup>13</sup>CN:Cyanobutadiyne:2636.3612 (1.0E-4), 2636.3612: :-6.7378:1-0: :0.0:0.0:0.08794:0.12652:CDMS:18.74969:1.0:-8.87518:J=1-0:3:76511
HCC<sup>13</sup>CCCN:Cyanobutadiyne:2659.9076 (1.0E-4), 2659.9076: :-6.7262:1-0: :0.0:0.0:0.08872:0.12765:CDMS:18.75037:1.0:-8.86358:J=1-0:3:76509
HCC<sup>13</sup>CCCN:Cyanobutadiyne:2659.9084 (9.0E-4), 2659.9084: :-6.7263:1-0: :0.0:0.0:0.08872:0.12765:JPL:18.74026:1.0:-8.86381:J=1-0:3:76003
HCCC<sup>13</sup>CCN:Cyanobutadiyne:2660.228 (0.001), 2660.228: :-6.7261:1-0: :0.0:0.0:0.08874:0.12767:JPL:18.74439:1.0:-8.86356:J=1-0:3:76002
HCCC<sup>13</sup>CCN:Cyanobutadiyne:2660.2315 (1.0E-4), 2660.2315: :-6.7261:1-0: :0.0:0.0:0.08874:0.12767:CDMS:18.74783:1.0:-8.86348:J=1-0:3:76510
HC<sub>5</sub>N <font color="red">v = 0</font>:Cyanobutadiyne:2661.5961, 2661.5961: :-7.2022:J = 1 - 0, F = 1 - 1: :0.0:0.0:0.08878:0.12774:CDMS:18.75531:0.0:-8.86264: 1 1         0 1:3:75503
HC<sub>5</sub>N <font color="red">v = 0</font>:Cyanobutadiyne:2662.6641 (0.0011), 2662.6641: :-6.7249:J=1-0: :0.0:0.0:0.08882:0.12779:JPL:18.7446:1.0:-8.86236:J=1-0:3:75001
HC<sub>5</sub>N <font color="red">v = 0</font>:Cyanobutadiyne:2662.6653, 2662.6653: :-6.7249:J = 1 - 0: :0.0:0.0:0.08882:0.12779:CDMS:56.24391:0.0:-8.86228: 1           0:9:75503
HC<sub>5</sub>N <font color="red">v = 0</font>:Cyanobutadiyne:2662.8795, 2662.8795: :-6.9801:J = 1 - 0, F = 2 - 1: :0.0:0.0:0.08882:0.1278:CDMS:31.2468:0.0:-8.86218: 1 2         0 1:5:75503
HC<sub>5</sub>N <font color="red">v = 0</font>:Cyanobutadiyne:2664.8034 (1.0E-4), 2664.8034: :-7.6787:J = 1 - 0, F = 0 - 1: :0.0:0.0:0.08889:0.12789:CDMS:6.24566:0.0:-8.86149: 1 0         0 1:1:75503
C<sub>9</sub>S:Thiononaoctaenylidene:2672.6403 (2.0E-4), 2672.6403: :-6.2549:J = 6 - 5: :0.2229:0.32071:0.31205:0.44897:CDMS:328.57292:0.0:-8.25056: 6           5:13:140501
AlC<sub>3</sub>N:Aluminum cyanoacetylide:2681.5148 (1.0E-4), 2681.5148: :-6.8049:1 - 0: :0.0:0.0:0.08945:0.12869:CDMS:15.27135:0.0:-8.94217:1 0:3:77510
<i>l</i>-C<sub>6</sub>H<sub>2</sub>:Hexatrienyl:2689.4409 (3.0E-4), 2689.4409: :: 1( 0, 1)- 0( 0, 0): :0.0:0.0:0.08971:0.12907:CDMS:38.44055:1.0:-8.53741: 1 0 1       0 0 0:3:74502
HC<sub>11</sub>N:Cyanopentaacetylene:2705.0066 (5.0E-4), 2705.0066: :-6.5019:J = 8 - 7: :0.3158:0.45437:0.40603:0.58419:CDMS:239.36215:0.0:-8.48895: 8           7:17:147501
HC<sub>11</sub>N:Cyanopentaacetylene:2705.0066 (5.0E-4), 2705.0066: :-6.3773:8-7: :0.3158:0.45436:0.40603:0.58418:JPL:307.51711:8.0:-8.38014:J=8-7:17:147001
C<sub>2</sub>H<sub>3</sub>C<sub>3</sub>N:Vinylcyanoacetylene:2705.3512 (0.004), 2705.3512: :: 1( 0, 1)- 0( 0, 0), F= 1- 1: :0.0:0.0:0.09024:0.12984:CDMS:25.9128:0.0:-8.701: 1 0 1 1     0 0 0 1  :  3 :77506
C<sub>2</sub>H<sub>3</sub>C<sub>3</sub>N:Vinylcyanoacetylene:2706.3799 (1.0E-4), 2706.3799: :: 1( 0, 1)- 0( 0, 0): :0.0:0.0:0.09027:0.12989:CDMS:77.7292:0.0:-8.70056: 1 0 1       0 0 0    :  9 :77506
C<sub>2</sub>H<sub>3</sub>C<sub>3</sub>N:Vinylcyanoacetylene:2706.5858 (8.0E-4), 2706.5858: :: 1( 0, 1)- 0( 0, 0), F= 2- 1: :0.0:0.0:0.09028:0.12989:CDMS:43.17358:0.0:-8.70055: 1 0 1 2     0 0 0 1  :  5 :77506
C<sub>2</sub>H<sub>3</sub>C<sub>3</sub>N:Vinylcyanoacetylene:2708.4381 (0.008), 2708.4381: :: 1( 0, 1)- 0( 0, 0), F= 0- 1: :0.0:0.0:0.09034:0.12998:CDMS:8.63225:0.0:-8.69979: 1 0 1 0     0 0 0 1  :  1 :77506
C<sub>10</sub>H:Decapentaynyl:2711.2812 (0.0016), 2711.2812: :-6.8567:J=9/2-7/2, &Omega;=1/2, <i>l</i>=f: :23.49:33.79668:23.58044:33.9268:CDMS:249.9945:4.444:-8.23711: 5 1 5       4-1 4:10:121501
C<sub>10</sub>H:Decapentaynyl:2711.3271 (5.0E-4), 2711.3271: :-6.8538:J=9/2-7/2, &Omega;=3/2, <i>l</i>=e: :0.1206:0.17352:0.21104:0.30364:CDMS:224.97862:4.0:-8.28288: 4 1 5       3-1 4:10:121501
C<sub>10</sub>H:Decapentaynyl:2711.3281 (5.0E-4), 2711.3281: :-6.8538:J=9/2-7/2, &Omega;=3/2, <i>l</i>=f: :0.1206:0.17352:0.21104:0.30364:CDMS:224.97845:4.0:-8.28288: 4-1 5       3 1 4:10:121501
C<sub>10</sub>H:Decapentaynyl:2716.0414 (0.0016), 2716.0414: :-6.8552:J=9/2-7/2, &Omega;=1/2, <i>l</i>=e: :23.4906:33.79754:23.5812:33.92789:CDMS:249.98171:4.444:-8.23485: 5-1 5       4 1 4:10:121501
C5O:Pentacarbon monoxide:2733.6941 (1.0E-4), 2733.6941: :-6.7472:1-0: :0.0:0.0:0.09119:0.1312:JPL:16.45783:1.0:-8.88457:J=1-0:3:76010
C<sub>6</sub>H<sup>&#150;</sup>:1,3,5-Hexatriynyl anion:2753.7258 (1.0E-4), 2753.7258: :-6.1264:1-0: :0.0:0.0:0.09185:0.13216:CDMS:59.62451:0.9:-8.316:J=1-0:3:73502
<i>c</i>-C<sub>6</sub>H<sub>5</sub>CN</font>:Benzonitrile:2761.2798 (1.0E-4), 2761.2798: :: 1( 0, 1)- 0( 0, 0): :0.0:0.0:0.09211:0.13252:CDMS:101.94257:0.0:-8.77847: 1 0 1       0 0 0  :15:103501
C<sub>5</sub>N<sup>-</sup>:Cyanobutadiynylide anion:2777.7185 (0.0107), 2777.7185: :: 1- 0: :0.0:0.0:0.09265:0.13331:CDMS:27.38728:1.0:-8.64257: 1           0:3:74513
HC<sub>13</sub>N:Cyanohexaacetylene:2781.2864 (9.0E-4), 2781.2864: :-6.4004:J = 13 - 12: :0.5566:0.80083:0.64937:0.93431:CDMS:452.55957:0.0:-8.37702:13          12:27:171501
<i>l</i>-HC<sub>6</sub>N:Cyanobutadiynylmethylene:2818.1761 (0.0059), 2818.1761: ::N= 1- 2,  J= 2- 1,  F<sub>1</sub>= 1- 0,  F=3/2-1/2: :0.0466:0.06705:0.1406:0.2023:CDMS:30.8005:1.161:-8.69766: 1 2 1 2     2 1 0 1:4:87501
<i>l</i>-HC<sub>6</sub>N:Cyanobutadiynylmethylene:2819.756 (0.0031), 2819.756: ::N= 1- 2,  J= 2- 1,  F<sub>1</sub>= 2- 1,  F=5/2-3/2: :0.0465:0.0669:0.14056:0.20223:CDMS:51.12942:1.928:-8.65291: 1 2 2 3     2 1 1 2:6:87501
<i>l</i>-HC<sub>6</sub>N:Cyanobutadiynylmethylene:2821.4184 (0.0046), 2821.4184: ::N= 1- 2,  J= 2- 1,  F<sub>1</sub>= 3- 2,  F=7/2-5/2: :0.0467:0.06719:0.14081:0.2026:CDMS:83.80296:3.16:-8.56249: 1 2 3 4     2 1 2 3:8:87501
<i>l</i>-HC<sub>6</sub>N:Cyanobutadiynylmethylene:2822.349 (0.0018), 2822.349: :-6.9037:N= 1- 2,  J= 2- 1: :0.0467:0.06719:0.14084:0.20264:CDMS:314.32068:11.851:-8.56198: 1 2         2 1:30:87501
<i>l</i>-HC<sub>6</sub>N:Cyanobutadiynylmethylene:2823.193 (0.0108), 2823.193: ::N= 1- 2,  J= 2- 1,  F<sub>1</sub>= 1- 1,  F=1/2-1/2: :0.0468:0.06733:0.14097:0.20283:CDMS:16.35737:0.617:-8.66916: 1 2 1 1     2 1 1 1:2:87501
<i>l</i>-HC<sub>6</sub>N:Cyanobutadiynylmethylene:2824.1018 (0.013), 2824.1018: ::N= 1- 2,  J= 2- 1,  F<sub>1</sub>= 2- 1,  F=3/2-1/2: :0.0468:0.06733:0.141:0.20287:CDMS:18.23618:0.688:-8.92255: 1 2 2 2     2 1 1 1:4:87501
<i>l</i>-HC<sub>6</sub>N:Cyanobutadiynylmethylene:2826.408 (0.0044), 2826.408: ::N= 1- 2,  J= 2- 1,  F<sub>1</sub>= 3- 2,  F=5/2-3/2: :0.0469:0.06748:0.14118:0.20312:CDMS:54.85614:2.068:-8.61929: 1 2 3 3     2 1 2 2:6:87501
DC<sub>9</sub>N:Cyanotetraacetylene:2829.134 (1.0E-4), 2829.134: :-7.0734:J = 5 - 4, F = 4 - 3: :0.1888:0.27164:0.28317:0.40742:CDMS:105.16256:0.0:-8.51149: 5 4         4 3:9:124501
DC<sub>9</sub>N:Cyanotetraacetylene:2829.185 (1.0E-4), 2829.185: :-6.982:J = 5 - 4, F = 5 - 4: :0.1887:0.2715:0.28307:0.40728:CDMS:129.79121:0.0:-8.50723: 5 5         4 4:11:124501
DC<sub>9</sub>N:Cyanotetraacetylene:2829.185 (1.0E-4), 2829.185: :-6.4871:J = 5 - 4: :0.1887:0.2715:0.28307:0.40728:CDMS:405.6442:0.0:-8.48945: 5           4:33:124501
DC<sub>9</sub>N:Cyanotetraacetylene:2829.2075 (1.0E-4), 2829.2075: :-6.8917:J = 5 - 4, F = 6 - 5: :0.1888:0.27164:0.28317:0.40742:CDMS:159.78594:0.0:-8.48948: 5 6         4 5:13:124501
H<sup>13</sup>CC<sub>8</sub>N:Cyanotetraacetylene:2850.5393 (2.0E-4), 2850.5393: :-7.0636:J = 5 - 4, F = 4 - 3: :0.1902:0.27366:0.28528:0.41046:CDMS:105.15862:0.0:-8.50168: 5 4         4 3:9:124502
H<sup>13</sup>CC<sub>8</sub>N:Cyanotetraacetylene:2850.5903 (2.0E-4), 2850.5903: :-6.9722:J = 5 - 4, F = 5 - 4: :0.1901:0.27351:0.28519:0.41032:CDMS:129.78638:0.0:-8.49742: 5 5         4 4:11:124502
H<sup>13</sup>CC<sub>8</sub>N:Cyanotetraacetylene:2850.5903 (2.0E-4), 2850.5903: :-6.4773:J = 5 - 4: :0.1902:0.27366:0.28529:0.41046:CDMS:405.62931:0.0:-8.47965: 5           4:33:124502
H<sup>13</sup>CC<sub>8</sub>N:Cyanotetraacetylene:2850.6128 (2.0E-4), 2850.6128: :-6.8819:J = 5 - 4, F = 6 - 5: :0.1902:0.27366:0.28529:0.41047:CDMS:159.78002:0.0:-8.47967: 5 6         4 5:13:124502
HC<sub>9</sub><sup>15</sup>N:Cyanotetraacetylene:2852.9478 (1.0E-4), 2852.9478: :-6.4763:J = 5 - 4: :0.1903:0.2738:0.28546:0.41072:CDMS:135.18589:0.0:-8.47865: 5           4:11:124511
HC<sup>13</sup>CC<sub>7</sub>N:Cyanotetraacetylene:2870.7472 (2.0E-4), 2870.7472: :-7.0544:J = 5 - 4, F = 4 - 3: :0.1915:0.27553:0.28726:0.4133:CDMS:105.15862:0.0:-8.49248: 5 4         4 3:9:124503
HC<sup>13</sup>CC<sub>7</sub>N:Cyanotetraacetylene:2870.7982 (2.0E-4), 2870.7982: :-6.963:J = 5 - 4, F = 5 - 4: :0.1915:0.27553:0.28726:0.41331:CDMS:129.78648:0.0:-8.48822: 5 5         4 4:11:124503
HC<sup>13</sup>CC<sub>7</sub>N:Cyanotetraacetylene:2870.7982 (2.0E-4), 2870.7982: :-6.4681:J = 5 - 4: :0.1915:0.27553:0.28726:0.41331:CDMS:405.62941:0.0:-8.47044: 5           4:33:124503
HC<sup>13</sup>CC<sub>7</sub>N:Cyanotetraacetylene:2870.8207 (2.0E-4), 2870.8207: :-6.8727:J = 5 - 4, F = 6 - 5: :0.1915:0.27553:0.28726:0.41331:CDMS:159.78008:0.0:-8.47047: 5 6         4 5:13:124503
HC<sub>8</sub><sup>13</sup>CN:Cyanotetraacetylene:2871.6572 (2.0E-4), 2871.6572: :-7.0605:J = 5 - 4, F = 4 - 3: :0.1916:0.27567:0.28739:0.41349:CDMS:103.59343:0.0:-8.49858: 5 4         4 3:9:124510
HC<sub>8</sub><sup>13</sup>CN:Cyanotetraacetylene:2871.7082 (2.0E-4), 2871.7082: :-6.4677:J = 5 - 4: :0.1916:0.27567:0.28739:0.41349:CDMS:405.61761:0.0:-8.47004: 5           4:33:124510
HC<sub>8</sub><sup>13</sup>CN:Cyanotetraacetylene:2871.7082 (2.0E-4), 2871.7082: :-6.969:J = 5 - 4, F = 5 - 4: :0.1915:0.27553:0.28729:0.41335:CDMS:127.88411:0.0:-8.49422: 5 5         4 4:11:124510
HC<sub>8</sub><sup>13</sup>CN:Cyanotetraacetylene:2871.7307 (2.0E-4), 2871.7307: :-6.8788:J = 5 - 4, F = 6 - 5: :0.1916:0.27567:0.28739:0.41349:CDMS:157.40191:0.0:-8.47657: 5 6         4 5:13:124510
HC<sub>2</sub><sup>13</sup>CC<sub>6</sub>N:Cyanotetraacetylene:2888.0428 (2.0E-4), 2888.0428: :-7.0466:J = 5 - 4, F = 4 - 3: :0.1927:0.27725:0.28903:0.41586:CDMS:105.15313:0.0:-8.48468: 5 4         4 3:9:124504
HC<sub>2</sub><sup>13</sup>CC<sub>6</sub>N:Cyanotetraacetylene:2888.0939 (2.0E-4), 2888.0939: :-6.9552:J = 5 - 4, F = 5 - 4: :0.1926:0.27711:0.28894:0.41572:CDMS:129.77966:0.0:-8.48042: 5 5         4 4:11:124504
HC<sub>2</sub><sup>13</sup>CC<sub>6</sub>N:Cyanotetraacetylene:2888.0939 (2.0E-4), 2888.0939: :-6.4603:J = 5 - 4: :0.1927:0.27725:0.28904:0.41586:CDMS:405.6083:0.0:-8.46264: 5           4:33:124504
HC<sub>2</sub><sup>13</sup>CC<sub>6</sub>N:Cyanotetraacetylene:2888.1164 (2.0E-4), 2888.1164: :-6.8649:J = 5 - 4, F = 6 - 5: :0.1927:0.27725:0.28904:0.41586:CDMS:159.77178:0.0:-8.46266: 5 6         4 5:13:124504
HC<sub>7</sub><sup>13</sup>CCN:Cyanotetraacetylene:2888.7451 (2.0E-4), 2888.7451: :-7.0553:J = 5 - 4, F = 4 - 3: :0.1927:0.27725:0.28906:0.41589:CDMS:102.99247:0.0:-8.49338: 5 4         4 3:9:124509
HC<sub>7</sub><sup>13</sup>CCN:Cyanotetraacetylene:2888.7961 (2.0E-4), 2888.7961: :-6.9639:J = 5 - 4, F = 5 - 4: :0.1927:0.27725:0.28906:0.4159:CDMS:127.11305:0.0:-8.48912: 5 5         4 4:11:124509
HC<sub>7</sub><sup>13</sup>CCN:Cyanotetraacetylene:2888.7961 (2.0E-4), 2888.7961: :-6.46:J = 5 - 4: :0.1927:0.27725:0.28906:0.4159:CDMS:405.59272:0.0:-8.46234: 5           4:33:124509
HC<sub>7</sub><sup>13</sup>CCN:Cyanotetraacetylene:2888.8187 (2.0E-4), 2888.8187: :-6.8736:J = 5 - 4, F = 6 - 5: :0.1927:0.27725:0.28906:0.4159:CDMS:156.48883:0.0:-8.47136: 5 6         4 5:13:124509
C<sub>9</sub>H:Nonatetraynylidyne:2890.6976 (0.0031), 2890.6976: :-7.0337:J=7/2-5/2, &Omega;=1/2,  F= 4- 3, <i>l</i>=e: :0.1103:0.1587:0.20672:0.29743:CDMS:189.00114:3.857:-8.22884: 4 1 4 4     3-1 3 3:9:109501
C<sub>9</sub>H:Nonatetraynylidyne:2890.953 (0.006), 2890.953: :-7.164:J=7/2-5/2, &Omega;=1/2,  F= 3- 2, <i>l</i>=e: :0.1103:0.1587:0.20673:0.29744:CDMS:139.98699:2.857:-8.24995: 4 1 4 3     3-1 3 2:7:109501
C<sub>9</sub>H:Nonatetraynylidyne:2891.5184 (0.0032), 2891.5184: :-7.0334:J=7/2-5/2, &Omega;=1/2,  F= 4- 3, <i>l</i>=f: :0.1104:0.15884:0.20685:0.29761:CDMS:189.02448:3.858:-8.22841: 4-1 4 4     3 1 3 3:9:109501
C<sub>9</sub>H:Nonatetraynylidyne:2891.8113 (0.0059), 2891.8113: :-7.1638:J=7/2-5/2, &Omega;=1/2,  F= 3- 2, <i>l</i>=f: :0.1103:0.1587:0.20676:0.29748:CDMS:139.96836:2.856:-8.24962: 4-1 4 3     3 1 3 2:7:109501
C<sub>9</sub>H:Nonatetraynylidyne:2894.1036 (4.0E-4), 2894.1036: :-6.9985:J=7/2-5/2, &Omega;=3/2,  F= 3- 2, <i>l</i>=e,f: :27.6019:39.71275:27.69844:39.85164:CDMS:233.29319:4.761:-8.32775: 3 1 4 3     2 1 3 2:14:109501
C<sub>9</sub>H:Nonatetraynylidyne:2894.1117 (4.0E-4), 2894.1117: :-6.8681:J=7/2-5/2, &Omega;=3/2,  F= 4- 3, <i>l</i>=e,f: :27.6019:39.71275:27.69844:39.85164:CDMS:314.99208:6.428:-8.30649: 3 1 4 4     2 1 3 3:18:109501
(<i>E</i>)-HC<sub>2</sub>CHCHCN:(E)-Cyanovinylacetylene:2897.4274 (0.004), 2897.4274: :: 1( 0, 1)- 0( 0, 0), F= 1- 1: :0.0:0.0:0.09665:0.13905:CDMS:14.59692:0.0:-8.86089: 1 0 1 1     0 0 0 1  :  3 :77507
(<i>E</i>)-HC<sub>2</sub>CHCHCN:(E)-Cyanovinylacetylene:2898.4019 (1.0E-4), 2898.4019: :: 1( 0, 1)- 0( 0, 0): :0.0:0.0:0.09668:0.1391:CDMS:43.77934:0.0:-8.86056: 1 0 1       0 0 0    :  9 :77507
HC<sub>3</sub><sup>13</sup>CC<sub>5</sub>N:Cyanotetraacetylene:2898.5012 (2.0E-4), 2898.5012: :-7.0419:J = 5 - 4, F = 4 - 3: :0.1934:0.27826:0.29008:0.41737:CDMS:105.15129:0.0:-8.47997: 5 4         4 3:9:124505
HC<sub>3</sub><sup>13</sup>CC<sub>5</sub>N:Cyanotetraacetylene:2898.5522 (2.0E-4), 2898.5522: :-6.9505:J = 5 - 4, F = 5 - 4: :0.1933:0.27812:0.28999:0.41723:CDMS:129.77741:0.0:-8.47572: 5 5         4 4:11:124505
HC<sub>3</sub><sup>13</sup>CC<sub>5</sub>N:Cyanotetraacetylene:2898.5522 (2.0E-4), 2898.5522: :-6.4556:J = 5 - 4: :0.1934:0.27826:0.29009:0.41737:CDMS:405.60128:0.0:-8.45794: 5           4:33:124505
HC<sub>3</sub><sup>13</sup>CC<sub>5</sub>N:Cyanotetraacetylene:2898.5747 (2.0E-4), 2898.5747: :-6.8602:J = 5 - 4, F = 6 - 5: :0.1934:0.27826:0.29009:0.41737:CDMS:159.76902:0.0:-8.45796: 5 6         4 5:13:124505
(<i>E</i>)-HC<sub>2</sub>CHCHCN:(E)-Cyanovinylacetylene:2898.5969 (8.0E-4), 2898.5969: :: 1( 0, 1)- 0( 0, 0), F= 2- 1: :0.0:0.0:0.09669:0.13911:CDMS:24.31704:0.0:-8.86056: 1 0 1 2     0 0 0 1  :  5 :77507
HC<sub>6</sub><sup>13</sup>CC<sub>2</sub>N:Cyanotetraacetylene:2898.932 (2.0E-4), 2898.932: :-7.0417:J = 5 - 4, F = 4 - 3: :0.1934:0.27826:0.2901:0.41739:CDMS:105.15285:0.0:-8.47977: 5 4         4 3:9:124508
HC<sub>6</sub><sup>13</sup>CC<sub>2</sub>N:Cyanotetraacetylene:2898.983 (2.0E-4), 2898.983: :-6.9503:J = 5 - 4, F = 5 - 4: :0.1934:0.27826:0.2901:0.41739:CDMS:129.7794:0.0:-8.47552: 5 5         4 4:11:124508
HC<sub>6</sub><sup>13</sup>CC<sub>2</sub>N:Cyanotetraacetylene:2898.983 (2.0E-4), 2898.983: :-6.4554:J = 5 - 4: :0.1934:0.27826:0.2901:0.41739:CDMS:405.60729:0.0:-8.45774: 5           4:33:124508
HC<sub>6</sub><sup>13</sup>CC<sub>2</sub>N:Cyanotetraacetylene:2899.0055 (2.0E-4), 2899.0055: :-6.86:J = 5 - 4, F = 6 - 5: :0.1934:0.27826:0.2901:0.41739:CDMS:159.77139:0.0:-8.45776: 5 6         4 5:13:124508
(<i>E</i>)-HC<sub>2</sub>CHCHCN:(E)-Cyanovinylacetylene:2900.3516 (0.0081), 2900.3516: :: 1( 0, 1)- 0( 0, 0), F= 0- 1: :0.0:0.0:0.09674:0.13919:CDMS:4.86167:0.0:-8.85993: 1 0 1 0     0 0 0 1  :  1 :77507
HC<sub>4</sub><sup>13</sup>CC<sub>4</sub>N:Cyanotetraacetylene:2904.4222 (2.0E-4), 2904.4222: :-7.0392:J = 5 - 4, F = 4 - 3: :0.1938:0.27884:0.29068:0.41823:CDMS:105.16154:0.0:-8.47727: 5 4         4 3:9:124506
HC<sub>4</sub><sup>13</sup>CC<sub>4</sub>N:Cyanotetraacetylene:2904.4733 (2.0E-4), 2904.4733: :-6.9478:J = 5 - 4, F = 5 - 4: :0.1937:0.27869:0.29058:0.41809:CDMS:129.79007:0.0:-8.47301: 5 5         4 4:11:124506
HC<sub>4</sub><sup>13</sup>CC<sub>4</sub>N:Cyanotetraacetylene:2904.4733 (2.0E-4), 2904.4733: :-6.4529:J = 5 - 4: :0.1938:0.27884:0.29068:0.41823:CDMS:405.64084:0.0:-8.45524: 5           4:33:124506
HC<sub>4</sub><sup>13</sup>CC<sub>4</sub>N:Cyanotetraacetylene:2904.4958 (2.0E-4), 2904.4958: :-6.8575:J = 5 - 4, F = 6 - 5: :0.1938:0.27884:0.29068:0.41823:CDMS:159.78461:0.0:-8.45526: 5 6         4 5:13:124506
HC<sub>5</sub><sup>13</sup>CC<sub>3</sub>N:Cyanotetraacetylene:2904.5498 (2.0E-4), 2904.5498: :-7.0392:J = 5 - 4, F = 4 - 3: :0.1938:0.27884:0.29069:0.41823:CDMS:105.14769:0.0:-8.47727: 5 4         4 3:9:124507
HC<sub>5</sub><sup>13</sup>CC<sub>3</sub>N:Cyanotetraacetylene:2904.6008 (2.0E-4), 2904.6008: :-6.9477:J = 5 - 4, F = 5 - 4: :0.1937:0.27869:0.29059:0.41809:CDMS:129.80286:0.0:-8.47291: 5 5         4 4:11:124507
HC<sub>5</sub><sup>13</sup>CC<sub>3</sub>N:Cyanotetraacetylene:2904.6008 (2.0E-4), 2904.6008: :-6.4529:J = 5 - 4: :0.1938:0.27884:0.29069:0.41824:CDMS:405.58741:0.0:-8.45524: 5           4:33:124507
HC<sub>5</sub><sup>13</sup>CC<sub>3</sub>N:Cyanotetraacetylene:2904.6234 (2.0E-4), 2904.6234: :-6.8575:J = 5 - 4, F = 6 - 5: :0.1938:0.27884:0.29069:0.41824:CDMS:159.76355:0.0:-8.45526: 5 6         4 5:13:124507
HC<sub>9</sub>N:Cyanotetraacetylene:2905.1317 (1.0E-4), 2905.1317: :-7.0389:J = 5 - 4, F = 4 - 3: :0.1938:0.27884:0.2907:0.41826:CDMS:105.15714:0.0:-8.47697: 5 4         4 3:9:123501
HC<sub>9</sub>N:Cyanotetraacetylene:2905.1827 (1.0E-4), 2905.1827: :-6.9475:J = 5 - 4, F = 5 - 4: :0.1938:0.27884:0.29071:0.41826:CDMS:129.7847:0.0:-8.47271: 5 5         4 4:11:123501
HC<sub>9</sub>N:Cyanotetraacetylene:2905.1827 (1.0E-4), 2905.1827: :-6.4526:J = 5 - 4: :0.1938:0.27884:0.29071:0.41826:CDMS:405.62387:0.0:-8.45494: 5           4:33:123501
HC<sub>9</sub>N:Cyanotetraacetylene:2905.1827 (9.0E-4), 2905.1827: :-5.9584:5-4: :0.1938:0.27883:0.29071:0.41826:JPL:156.8073:5.0:-8.39057:J=5-4:11:123001
HC<sub>9</sub>N:Cyanotetraacetylene:2905.2052 (1.0E-4), 2905.2052: :-6.8572:J = 5 - 4, F = 6 - 5: :0.1938:0.27884:0.29071:0.41827:CDMS:159.77793:0.0:-8.45496: 5 6         4 5:13:123501
CH<sub>3</sub>C<sub>9</sub>N:Methylcyanotetraacetylene:2922.079 (0.001), 2922.079: :-7.4945:7(3) - 6(3), F = 7 - 6: :47.6846:68.60795:47.78207:68.74819:CDMS:315.32568:0.0:-8.81638: 7 3 7       6 3 6:60:137501
CH<sub>3</sub>C<sub>9</sub>N:Methylcyanotetraacetylene:2922.2114 (5.0E-4), 2922.2114: :-7.6895:7(2) - 6(2), F = 7 - 6: :21.3575:30.72888:21.45497:30.86912:CDMS:177.37174:0.0:-8.76517: 7 2 7       6 2 6:30:137501
CH<sub>3</sub>C<sub>9</sub>N:Methylcyanotetraacetylene:2922.2488 (0.001), 2922.2488: :-7.0084:7(3) - 6(3): :47.6847:68.60809:47.78218:68.74834:CDMS:965.62631:0.0:-8.33026: 7 3         6 3:60:137501
CH<sub>3</sub>C<sub>9</sub>N:Methylcyanotetraacetylene:2922.2868 (5.0E-4), 2922.2868: :-7.2034:7(2) - 6(2): :21.3575:30.72888:21.45498:30.86913:CDMS:543.20282:0.0:-8.27906: 7 2         6 2:30:137501
CH<sub>3</sub>C<sub>9</sub>N:Methylcyanotetraacetylene:2922.2908 (2.0E-4), 2922.2908: :-7.6286:7(1) - 6(1), F = 7 - 6: :5.559:7.99821:5.65648:8.13846:CDMS:189.17111:0.0:-8.73716: 7 1 7       6 1 6:30:137501
CH<sub>3</sub>C<sub>9</sub>N:Methylcyanotetraacetylene:2922.295 (2.0E-4), 2922.295: :-7.6722:7(0) - 6(0), F = 6 - 5: :0.2925:0.42084:0.38998:0.56109:CDMS:166.83386:0.0:-8.72958: 7 0 6       6 0 5:26:137501
CH<sub>3</sub>C<sub>9</sub>N:Methylcyanotetraacetylene:2922.3005 (2.0E-4), 2922.3005: :-7.6922:7(1) - 6(1), F = 6 - 5: :5.559:7.99821:5.65648:8.13846:CDMS:163.39996:0.0:-8.73861: 7 1 6       6 1 5:26:137501
CH<sub>3</sub>C<sub>9</sub>N:Methylcyanotetraacetylene:2922.3096 (2.0E-4), 2922.3096: :-7.1425:7(1) - 6(1): :5.559:7.99821:5.65648:8.13846:CDMS:579.36097:0.0:-8.25106: 7 1         6 1:30:137501
CH<sub>3</sub>C<sub>9</sub>N:Methylcyanotetraacetylene:2922.3172 (2.0E-4), 2922.3172: :-7.6086:7(0) - 6(0), F = 7 - 6: :0.2924:0.4207:0.38988:0.56095:CDMS:193.1423:0.0:-8.72813: 7 0 7       6 0 6:30:137501
CH<sub>3</sub>C<sub>9</sub>N:Methylcyanotetraacetylene:2922.3172 (2.0E-4), 2922.3172: :-7.1225:7(0) - 6(0): :0.2924:0.4207:0.38988:0.56095:CDMS:591.53086:0.0:-8.24203: 7 0         6 0:30:137501
CH<sub>3</sub>C<sub>9</sub>N:Methylcyanotetraacetylene:2922.3173 (5.0E-4), 2922.3173: :-7.7531:7(2) - 6(2), F = 6 - 5: :21.3576:30.72902:21.45508:30.86927:CDMS:153.19802:0.0:-8.7666: 7 2 6       6 2 5:26:137501
CH<sub>3</sub>C<sub>9</sub>N:Methylcyanotetraacetylene:2922.3232 (0.001), 2922.3232: :-7.4312:7(3) - 6(3), F = 8 - 7: :47.6847:68.60809:47.78218:68.74834:CDMS:364.74301:0.0:-8.8074: 7 3 8       6 3 7:68:137501
CH<sub>3</sub>C<sub>9</sub>N:Methylcyanotetraacetylene:2922.3268 (5.0E-4), 2922.3268: :-7.6262:7(2) - 6(2), F = 8 - 7: :21.3575:30.72888:21.45498:30.86913:CDMS:205.18714:0.0:-8.75621: 7 2 8       6 2 7:34:137501
CH<sub>3</sub>C<sub>9</sub>N:Methylcyanotetraacetylene:2922.329 (2.0E-4), 2922.329: :-7.5652:7(1) - 6(1), F = 8 - 7: :5.559:7.99821:5.65648:8.13846:CDMS:218.89884:0.0:-8.72811: 7 1 8       6 1 7:34:137501
CH<sub>3</sub>C<sub>9</sub>N:Methylcyanotetraacetylene:2922.3297 (2.0E-4), 2922.3297: :-7.5453:7(0) - 6(0), F = 8 - 7: :0.2924:0.4207:0.38988:0.56095:CDMS:223.44657:0.0:-8.71918: 7 0 8       6 0 7:34:137501
CH<sub>3</sub>C<sub>9</sub>N:Methylcyanotetraacetylene:2922.3452 (0.001), 2922.3452: :-7.5581:7(3) - 6(3), F = 6 - 5: :47.6847:68.60809:47.78218:68.74834:CDMS:272.32057:0.0:-8.81779: 7 3 6       6 3 5:52:137501
C<sub>8</sub>H:1,3,5,7-Octatetraynyl:2933.3401 (4.0E-4), 2933.3401: :-7.2558:J=5/2-3/2, &Omega;=3/2,  F= 3- 2, <i>l</i>=e: :0.0:0.0:0.09785:0.14078:CDMS:78.86546:1.867:-8.48074: 2 1 3 3     1-1 2 2:7:97501
C<sub>8</sub>H:1,3,5,7-Octatetraynyl:2933.3434 (4.0E-4), 2933.3434: :-7.2558:J=5/2-3/2, &Omega;=3/2,  F= 3- 2, <i>l</i>=f: :0.0:0.0:0.09785:0.14078:CDMS:78.86528:1.867:-8.48074: 2-1 3 3     1 1 2 2:7:97501
C<sub>8</sub>H:1,3,5,7-Octatetraynyl:2933.3613 (5.0E-4), 2933.3613: :-7.4477:J=5/2-3/2, &Omega;=3/2,  F= 2- 1, <i>l</i>=e: :0.0:0.0:0.09785:0.14078:CDMS:50.6968:1.2:-8.52651: 2 1 3 2     1-1 2 1:5:97501
C<sub>8</sub>H:1,3,5,7-Octatetraynyl:2933.3646 (5.0E-4), 2933.3646: :-7.4477:J=5/2-3/2, &Omega;=3/2,  F= 2- 1, <i>l</i>=f: :0.0:0.0:0.09785:0.14078:CDMS:50.69669:1.2:-8.52651: 2-1 3 2     1 1 2 1:5:97501
C<sub>8</sub>H:1,3,5,7-Octatetraynyl:2933.6563 (0.0232), 2933.6563: :-7.1198:J=5/2-3/2, &Omega;=1/2,  F= 3- 2, <i>l</i>=e: :19.3832:27.88794:19.48106:28.02873:CDMS:118.34915:2.801:-8.30432: 3 1 3 3     2-1 2 2:7:97501
C<sub>8</sub>H:1,3,5,7-Octatetraynyl:2935.3575 (0.0524), 2935.3575: :-7.3117:J=5/2-3/2, &Omega;=1/2,  F= 2- 1, <i>l</i>=e: :19.383:27.88765:19.48091:28.02853:CDMS:75.99084:1.799:-8.34984: 3 1 3 2     2-1 2 1:5:97501
C<sub>9</sub>O:Nonacarbon monoxide:2937.3605 (3.0E-4), 2937.3605: :-6.4012:5-4: :0.196:0.282:0.29398:0.42297:JPL:146.93108:5.0:-8.40447:J=5-4:11:124001
C<sub>8</sub>H:1,3,5,7-Octatetraynyl:2943.905 (0.0232), 2943.905: :-7.1168:J=5/2-3/2, &Omega;=1/2,  F= 3- 2, <i>l</i>=f: :19.3838:27.8888:19.482:28.03009:CDMS:118.34166:2.801:-8.29981: 3-1 3 3     2 1 2 2:7:97501
C<sub>8</sub>H:1,3,5,7-Octatetraynyl:2945.6064 (0.0524), 2945.6064: :-7.3087:J=5/2-3/2, &Omega;=1/2,  F= 2- 1, <i>l</i>=f: :19.3837:27.88866:19.48195:28.03003:CDMS:75.98636:1.798:-8.34533: 3-1 3 2     2 1 2 1:5:97501
C<sub>4</sub>S:Thiobutatrienylidene:2955.9966 (6.0E-4), 2955.9966: :-7.1062:N= 2- 1, J= 1- 0: :0.0:0.0:0.0986:0.14186:CDMS:16.23461:1.0:-8.78863: 2 1         1 0:3:80501
CH<sub>3</sub>CHNH<sub>2</sub>COOH - II:&alpha;-Alanine:2967.466 (0.0053), 2967.466: :-7.5772:8(4,4) - 8(4,5): :7.9575:11.44914:8.05648:11.59156:CDMS:203.23998:0.0:-8.91647: 8 4 4       8 4 5:51:89503
SiC<sub>3</sub><sup>13</sup>C:Silicon tetracarbide:2972.8971 (4.0E-4), 2972.8971: :-6.2391:1-0: :0.0:0.0:0.09917:0.14268:CDMS:41.23104:1.0:-8.37642:J=1-0:3:77505
<sup>30</sup>SiC<sub>4</sub>:Silicon tetracarbide:2976.051 (5.0E-4), 2976.051: :-6.2377:1-0: :0.0:0.0:0.09927:0.14283:CDMS:41.23234:1.0:-8.37503:J=1-0:3:78501
HC<sub>13</sub>N:Cyanohexaacetylene:2995.2313 (9.0E-4), 2995.2313: :-6.3041:J = 14 - 13: :0.6494:0.93435:0.74931:1.0781:CDMS:487.31207:0.0:-8.27937:14          13:29:171501
CH<sub>3</sub>C<sub>7</sub>N:Methylcyanotriacetylene:2997.3026 (2.0E-4), 2997.3026: :: 4( 2)- 3( 2),  F= 4- 3: :21.1929:30.49168:21.29288:30.63553:CDMS:67.51439:0.94:-8.92975: 4 2 4       3 2 3:18:113501
CH<sub>3</sub>C<sub>7</sub>N:Methylcyanotriacetylene:2997.6528 (1.0E-4), 2997.6528: :: 4( 1)- 3( 1),  F= 4- 3: :5.411:7.78518:5.51099:7.92904:CDMS:84.37695:1.17:-8.83277: 4 1 4       3 1 3:18:113501
CH<sub>3</sub>C<sub>7</sub>N:Methylcyanotriacetylene:2997.6691 (5.0E-4), 2997.6691: :-7.3153: 4( 3)- 3( 3): :47.4924:68.33058:47.59239:68.47444:CDMS:251.98086:3.5:-8.65865: 4 3         3 3:36:113501
CH<sub>3</sub>C<sub>7</sub>N:Methylcyanotriacetylene:2997.6789 (1.0E-4), 2997.6789: :: 4( 0)- 3( 0),  F= 3- 2: :0.15:0.21582:0.24999:0.35968:CDMS:68.57384:0.95:-8.81368: 4 0 3       3 0 2:14:113501
CH<sub>3</sub>C<sub>7</sub>N:Methylcyanotriacetylene:2997.7249 (2.0E-4), 2997.7249: :-7.3274: 4( 2)- 3( 2): :21.1929:30.49168:21.29289:30.63555:CDMS:216.01006:3.0:-8.42449: 4 2         3 2:18:113501
CH<sub>3</sub>C<sub>7</sub>N:Methylcyanotriacetylene:2997.7585 (1.0E-4), 2997.7585: :-7.1977: 4( 1)- 3( 1): :5.411:7.78518:5.51099:7.92905:CDMS:269.95614:3.75:-8.32766: 4 1         3 1:18:113501
CH<sub>3</sub>C<sub>7</sub>N:Methylcyanotriacetylene:2997.7657 (1.0E-4), 2997.7657: :: 4( 1)- 3( 1),  F= 3- 2: :5.411:7.78518:5.51099:7.92905:CDMS:64.28226:0.895:-8.84171: 4 1 3       3 1 2:14:113501
CH<sub>3</sub>C<sub>7</sub>N:Methylcyanotriacetylene:2997.7696 (1.0E-4), 2997.7696: :: 4( 0)- 3( 0),  F= 4- 3: :0.15:0.21582:0.24999:0.35968:CDMS:89.99787:1.25:-8.80471: 4 0 4       3 0 3:18:113501
CH<sub>3</sub>C<sub>7</sub>N:Methylcyanotriacetylene:2997.7696 (1.0E-4), 2997.7696: :-7.1586: 4( 0)- 3( 0),  F= 4- 3: :0.15:0.21582:0.24999:0.35968:CDMS:288.02635:4.0:-8.29951: 4 0         3 0:18:113501
CH<sub>3</sub>C<sub>7</sub>N:Methylcyanotriacetylene:2997.8017 (1.0E-4), 2997.8017: :: 4( 0)- 3( 0),  F= 5- 4: :0.15:0.21582:0.25:0.35969:CDMS:117.33374:1.63:-8.77666: 4 0 5       3 0 4:22:113501
CH<sub>3</sub>C<sub>7</sub>N:Methylcyanotriacetylene:2997.8209 (1.0E-4), 2997.8209: :: 4( 1)- 3( 1),  F= 5- 4: :5.411:7.78518:5.511:7.92905:CDMS:109.99555:1.53:-8.8047: 4 1 5       3 1 4:22:113501
CH<sub>3</sub>C<sub>7</sub>N:Methylcyanotriacetylene:2997.8787 (2.0E-4), 2997.8787: :: 4( 2)- 3( 2),  F= 5- 4: :21.1929:30.49168:21.2929:30.63556:CDMS:87.98921:1.22:-8.90162: 4 2 5       3 2 4:22:113501
CH<sub>3</sub>C<sub>7</sub>N:Methylcyanotriacetylene:2998.0264 (2.0E-4), 2998.0264: :: 4( 2)- 3( 2),  F= 3- 2: :21.1929:30.49168:21.2929:30.63556:CDMS:51.41462:0.715:-8.9386: 4 2 3       3 2 2:14:113501
<sup>29</sup>SiC<sub>4</sub>:Silicon tetracarbide:3020.4594 (5.0E-4), 3020.4594: :-6.2184:1-0: :0.0:0.0:0.10075:0.14496:CDMS:41.23215:1.0:-8.35573:J=1-0:3:77501
SiC<sub>2</sub><sup>13</sup>CC:Silicon tetracarbide:3031.7861 (6.0E-4), 3031.7861: :-6.2136:1-0: :0.0:0.0:0.10113:0.1455:CDMS:41.22636:1.0:-8.35092:J=1-0:3:77504
HC<sub>11</sub>N:Cyanopentaacetylene:3043.1323 (5.0E-4), 3043.1323: :-6.3486:J = 9 - 8: :0.406:0.58415:0.50751:0.7302:CDMS:269.30851:0.0:-8.33261: 9           8:19:147501
HC<sub>11</sub>N:Cyanopentaacetylene:3043.1323 (5.0E-4), 3043.1323: :-6.224:9-8: :0.406:0.58414:0.50751:0.73019:JPL:345.99027:9.0:-8.22379:J=9-8:19:147001
C<sub>6</sub>O:Hexacarbon monoxide:3055.7393 (6.0E-4), 3055.7393: :-7.1303: 2( 1)- 1( 2): :0.0509:0.07323:0.15283:0.21988:JPL:26.22239:1.99:-8.75902: 1 2         2 1:5:88001
SiC<sup>13</sup>CC<sub>2</sub>:Silicon tetracarbide:3063.2876 (5.0E-4), 3063.2876: :-6.2001:1-0: :0.0:0.0:0.10218:0.14701:CDMS:41.22958:1.0:-8.33742:J=1-0:3:77503
Si<sup>13</sup>CC<sub>3</sub>:Silicon tetracarbide:3064.1021 (5.0E-4), 3064.1021: :-6.1997:1-0: :0.0:0.0:0.10221:0.14705:CDMS:41.23407:1.0:-8.33702:J=1-0:3:77502
SiC<sub>4</sub>:Silicon tetracarbide:3067.5439 (0.0029), 3067.5439: :-6.2148:1-0: :0.0:0.0:0.10232:0.14722:JPL:39.6915:1.0:-8.35212:J=1-0:3:76009
SiC<sub>4</sub>:Silicon tetracarbide:3067.5447 (1.0E-4), 3067.5447: :-6.1983:1-0: :0.0:0.0:0.10232:0.14722:CDMS:41.22857:1.0:-8.33562:J=1-0:3:76502
CH<sub>3</sub>C<sub>5</sub>N:Methylcyanodiacetylene:3110.8907 (0.0147), 3110.8907: :-8.2806: 2( 0)- 1( 0),  F= 2- 2: :0.0519:0.07467:0.15567:0.22397:CDMS:29.16956:1.0:-8.99048: 2 0 2       1 0 2:10:89501
CH<sub>3</sub>C<sub>5</sub>N:Methylcyanodiacetylene:3111.0849 (0.0122), 3111.0849: :-7.9392: 2( 1)- 1( 1),  F= 2- 1: :5.2995:7.62475:5.40327:7.77406:CDMS:65.64559:2.251:-8.63813: 2 1 2       1 1 1:10:89501
CH<sub>3</sub>C<sub>5</sub>N:Methylcyanodiacetylene:3111.1022 (0.0122), 3111.1022: :-8.1555: 2( 0)- 1( 0),  F= 1- 0: :0.052:0.07482:0.15578:0.22412:CDMS:38.90192:1.334:-8.6435: 2 0 1       1 0 0:6:89501
CH<sub>3</sub>C<sub>5</sub>N:Methylcyanodiacetylene:3112.1425 (1.0E-4), 3112.1425: :-8.4163: 2( 1)- 1( 1),  F= 1- 1: :5.2995:7.62475:5.40331:7.77411:CDMS:21.86806:0.75:-8.89323: 2 1 1       1 1 1:6:89501
CH<sub>3</sub>C<sub>5</sub>N:Methylcyanodiacetylene:3112.1584 (1.0E-4), 3112.1584: :-7.8033: 2( 0)- 1( 0),  F= 2- 1: :0.0519:0.07467:0.15571:0.22403:CDMS:87.47341:3.0:-8.51301: 2 0 2       1 0 1:10:89501
CH<sub>3</sub>C<sub>5</sub>N:Methylcyanodiacetylene:3112.2491 (0.0011), 3112.2491: :-7.5322: 2( 0)- 1( 0),  F= 3- 2: :0.0519:0.07467:0.15571:0.22404:CDMS:163.28667:5.6:-8.38802: 2 0 3       1 0 2:14:89501
CH<sub>3</sub>C<sub>5</sub>N:Methylcyanodiacetylene:3112.3976 (0.003), 3112.3976: :-7.6681: 2( 1)- 1( 1),  F= 3- 2: :5.2995:7.62475:5.40332:7.77413:CDMS:122.44447:4.199:-8.51297: 2 1 3       1 1 2:14:89501
CH<sub>3</sub>C<sub>5</sub>N:Methylcyanodiacetylene:3113.7267 (0.0184), 3113.7267: :-8.2913: 2( 1)- 1( 1),  F= 1- 0: :5.2994:7.62461:5.40326:7.77405:CDMS:29.13186:0.999:-8.76801: 2 1 1       1 1 0:6:89501
CH<sub>3</sub>C<sub>5</sub>N:Methylcyanodiacetylene:3114.2723 (0.0245), 3114.2723: :-8.2802: 2( 0)- 1( 0),  F= 1- 1: :0.0519:0.07467:0.15578:0.22413:CDMS:29.13308:0.999:-8.76776: 2 0 1       1 0 1:6:89501
CH<sub>3</sub>CHNH<sub>2</sub>COOH - II:&alpha;-Alanine:3115.5045 (0.0278), 3115.5045: :-7.3311:17(8,9) - 17(8,10): :33.717:48.51156:33.82092:48.66108:CDMS:367.69046:0.0:-8.90919:17 8 9      17 810:105:89503
C<sub>9</sub>S:Thiononaoctaenylidene:3118.0802 (2.0E-4), 3118.0802: :-6.0543:J = 7 - 6: :0.312:0.4489:0.41601:0.59855:CDMS:383.30041:0.0:-8.04496: 7           6:15:140501
C<sub>8</sub>O:Octacarbon monoxide :3129.3308 (7.0E-4), 3129.3308: :-6.9204: 4( 5)- 3( 4): :0.1566:0.22531:0.26098:0.37549:JPL:85.68897:3.999:-8.46903: 5 4         4 3:9:112002
CH<sub>3</sub>CHNH<sub>2</sub>COOH - II:&alpha;-Alanine:3172.8235 (0.0348), 3172.8235: :-7.2678:24(11,13) - 24(11,14): :65.8688:94.77113:65.97463:94.9234:CDMS:478.53849:0.0:-8.91713:241113      241114:147:89503
H<sub>2</sub>NCH<sub>2</sub>COOH - II <font color="red">v=0</font>:Glycine:3190.8839 (0.0034), 3190.8839: :: 2( 1, 1)- 2( 1, 2), F= 1- 1: :0.875:1.25892:0.98144:1.41206:CDMS:10.82079:0.375:-8.8652: 2 1 1 1     2 1 2 1:3:75512
H<sub>2</sub>NCH<sub>2</sub>COOH - II <font color="red">v=0</font>:Glycine:3191.708 (0.0022), 3191.708: :: 2( 1, 1)- 2( 1, 2), F= 3- 3: :0.875:1.25892:0.98146:1.4121:CDMS:29.92504:1.037:-8.79106: 2 1 1 3     2 1 2 3:7:75512
H<sub>2</sub>NCH<sub>2</sub>COOH - II <font color="red">v=0</font>:Glycine:3193.1911 (0.0035), 3193.1911: :: 2( 1, 1)- 2( 1, 2), F= 2- 2: :0.875:1.25892:0.98151:1.41217:CDMS:16.70441:0.579:-8.89753: 2 1 1 2     2 1 2 2:5:75512
CH<sub>3</sub>CHNH<sub>2</sub>COOH - II:&alpha;-Alanine:3200.7225 (0.0016), 3200.7225: :-8.3081:4(2,2) - 4(2,3), F = 4 - 4: :2.1334:3.06951:2.24016:3.22312:CDMS:31.56908:0.0:-8.8733: 4 2 2 4     4 2 3 4:9:89503
CH<sub>3</sub>CHNH<sub>2</sub>COOH - II:&alpha;-Alanine:3200.8606 (0.0016), 3200.8606: :-7.7864:4(2,2) - 4(2,3): :2.1334:3.06951:2.24017:3.22312:CDMS:104.93599:0.0:-8.8287: 4 2 2       4 2 3:27:89503
CH<sub>3</sub>CHNH<sub>2</sub>COOH - II:&alpha;-Alanine:3200.9108 (0.0016), 3200.9108: :-8.1941:4(2,2) - 4(2,3), F = 5 - 5: :2.1334:3.06951:2.24017:3.22313:CDMS:41.04033:0.0:-8.84643: 4 2 2 5     4 2 3 5:11:89503
CH<sub>3</sub>CHNH<sub>2</sub>COOH - II:&alpha;-Alanine:3200.9592 (0.0017), 3200.9592: :-8.4007:4(2,2) - 4(2,3), F = 3 - 3: :2.1334:3.06951:2.24017:3.22313:CDMS:25.50338:0.0:-8.85673: 4 2 2 3     4 2 3 3:7:89503
i-C3H7CN:iso-propyl cyanide:3201.0861 (1.0E-4), 3201.0861: :-8.0013:2(1,1) - 2(1,2): :0.7843:1.12844:0.89108:1.28207:CDMS:13.47998:0.0:-8.98745:2 1 1 2 1 2:5:69506
C<sub>8</sub>O:Octacarbon monoxide :3205.1413 (6.0E-4), 3205.1413: :-6.9322: 4( 4)- 3( 3): :2.4083:3.46499:2.51521:3.61881:JPL:80.35743:3.75:-8.46574: 4 4         3 3:9:112002
HC<sub>13</sub>N:Cyanohexaacetylene:3209.1763 (0.001), 3209.1763: :-6.2144:J = 15 - 14: :0.7493:1.07808:0.85635:1.2321:CDMS:522.15117:0.0:-8.18845:15          14:31:171501
CH<sub>3</sub>CHNH<sub>2</sub>COOH - II:&alpha;-Alanine:3213.3219 (0.0031), 3213.3219: :-7.6269:6(3,3) - 6(3,4): :4.5932:6.60863:4.70038:6.76285:CDMS:152.11546:0.0:-8.82209: 6 3 3       6 3 4:39:89503
DC<sub>7</sub>N:2,4,6-Heptatriynenitrile:3271.891 (4.0E-4), 3271.891: :-6.3635:3-2: :0.1091:0.15697:0.21824:0.31399:CDMS:69.70157:3.0:-8.39153:J=3-2:7:100502
C<sub>8</sub>O:Octacarbon monoxide :3280.9304 (0.001), 3280.9304: :-6.9119: 4( 3)- 3( 2): :2.4121:3.47045:2.52154:3.62791:JPL:80.35945:3.75:-8.43528: 3 4         2 3:9:112002
NaCN/NaNC:Sodium Cyanide:3289.6602 (1.0E-4), 3289.6602: :: 2( 1, 1)- 2( 1, 2): :3.1813:4.57715:3.29103:4.73503:CDMS:65.27055:0.833:-8.26687: 2 1 1       2 1 2:5:49510
H<sup>13</sup>CC<sub>6</sub>N:2,4,6-Heptatriynenitrile:3309.8635 (4.0E-4), 3309.8635: :-6.3485:3-2: :0.1104:0.15884:0.22081:0.31769:CDMS:69.69703:3.0:-8.37652:J=3-2:7:100503
HC<sub>7</sub><sup>15</sup>N:2,4,6-Heptatriynenitrile:3313.5199 (7.0E-4), 3313.5199: :-6.3471:3-2: :0.1105:0.15898:0.22103:0.31801:CDMS:69.69075:3.0:-8.37512:J=3-2:7:100510
C<sub>10</sub>H:Decapentaynyl:3313.8439 (6.0E-4), 3313.8439: :-6.5749:J=11/2-9/2, &Omega;=3/2, <i>l</i>=e: :0.211:0.30358:0.32154:0.46262:CDMS:286.38495:5.091:-7.9958: 5-1 6       4 1 5:12:121501
C<sub>10</sub>H:Decapentaynyl:3313.8455 (6.0E-4), 3313.8455: :-6.5749:J=11/2-9/2, &Omega;=3/2, <i>l</i>=f: :0.211:0.30358:0.32154:0.46262:CDMS:286.38468:5.091:-7.9958: 5 1 6       4-1 5:12:121501
C<sub>10</sub>H:Decapentaynyl:3314.3171 (0.0017), 3314.3171: :-6.5935:J=11/2-9/2, &Omega;=1/2, <i>l</i>=f: :23.5804:33.92674:23.69095:34.0858:CDMS:306.83204:5.455:-7.96566: 6-1 6       5 1 5:12:121501
C7S:Thioheptahexaenylidene:3315.4238 (3.0E-4), 3315.4238: :-6.1277:4 - 3: :0.1659:0.23869:0.27649:0.39781:CDMS:153.76993:4.0:-8.13982:4 3:9:116501
C<sub>10</sub>H:Decapentaynyl:3319.0768 (0.0017), 3319.0768: :-6.5923:J=11/2-9/2, &Omega;=1/2, <i>l</i>=e: :23.5812:33.92789:23.69191:34.08718:CDMS:306.80049:5.454:-7.96384: 6 1 6       5-1 5:12:121501
CH<sub>3</sub>C<sub>9</sub>N:Methylcyanotetraacetylene:3339.5995 (0.0011), 3339.5995: :-7.2963:8(3) - 7(3), F = 8 - 7: :47.7821:68.74823:47.8935:68.90851:CDMS:381.21682:0.0:-8.61432: 8 3 8       7 3 7:68:137501
CH<sub>3</sub>C<sub>9</sub>N:Methylcyanotetraacetylene:3339.7058 (5.0E-4), 3339.7058: :-7.5047:8(2) - 7(2), F = 8 - 7: :21.455:30.86916:21.5664:31.02944:CDMS:207.92602:0.0:-8.57651: 8 2 8       7 2 7:34:137501
CH<sub>3</sub>C<sub>9</sub>N:Methylcyanotetraacetylene:3339.7127 (0.0011), 3339.7127: :-6.8123:8(3) - 7(3): :47.7821:68.74823:47.8935:68.90851:CDMS:1161.8301:0.0:-8.1303: 8 3         7 3:68:137501
CH<sub>3</sub>C<sub>9</sub>N:Methylcyanotetraacetylene:3339.7561 (5.0E-4), 3339.7561: :-7.0207:8(2) - 7(2): :21.455:30.86916:21.5664:31.02944:CDMS:633.7176:0.0:-8.0925: 8 2         7 2:34:137501
CH<sub>3</sub>C<sub>9</sub>N:Methylcyanotetraacetylene:3339.7655 (0.0011), 3339.7655: :-7.2411:8(3) - 7(3), F = 9 - 8: :47.7821:68.74823:47.8935:68.90852:CDMS:432.8415:0.0:-8.6074: 8 3 9       7 3 8:76:137501
CH<sub>3</sub>C<sub>9</sub>N:Methylcyanotetraacetylene:3339.7696 (2.0E-4), 3339.7696: :-7.4506:8(1) - 7(1), F = 8 - 7: :5.6564:8.13835:5.7678:8.29864:CDMS:218.31624:0.0:-8.55531: 8 1 8       7 1 7:34:137501
CH<sub>3</sub>C<sub>9</sub>N:Methylcyanotetraacetylene:3339.7721 (0.0011), 3339.7721: :-7.3516:8(3) - 7(3), F = 7 - 6: :47.7821:68.74823:47.8935:68.90852:CDMS:335.60404:0.0:-8.61524: 8 3 7       7 3 6:60:137501
CH<sub>3</sub>C<sub>9</sub>N:Methylcyanotetraacetylene:3339.7735 (5.0E-4), 3339.7735: :-7.56:8(2) - 7(2), F = 7 - 6: :21.455:30.86916:21.5664:31.02944:CDMS:183.05907:0.0:-8.57744: 8 2 7       7 2 6:30:137501
CH<sub>3</sub>C<sub>9</sub>N:Methylcyanotetraacetylene:3339.7743 (2.0E-4), 3339.7743: :-7.5059:8(1) - 7(1), F = 7 - 6: :5.6565:8.13849:5.7679:8.29878:CDMS:192.214:0.0:-8.55625: 8 1 7       7 1 6:30:137501
CH<sub>3</sub>C<sub>9</sub>N:Methylcyanotetraacetylene:3339.7746 (2.0E-4), 3339.7746: :-7.488:8(0) - 7(0), F = 7 - 6: :0.3899:0.56098:0.5013:0.72127:CDMS:195.30591:0.0:-8.54932: 8 0 7       7 0 6:30:137501
CH<sub>3</sub>C<sub>9</sub>N:Methylcyanotetraacetylene:3339.7822 (2.0E-4), 3339.7822: :-6.9666:8(1) - 7(1): :5.6565:8.13849:5.7679:8.29878:CDMS:665.40027:0.0:-8.07131: 8 1         7 1:34:137501
CH<sub>3</sub>C<sub>9</sub>N:Methylcyanotetraacetylene:3339.7851 (5.0E-4), 3339.7851: :-7.4495:8(2) - 7(2), F = 9 - 8: :21.455:30.86916:21.5664:31.02945:CDMS:236.09578:0.0:-8.56961: 8 2 9       7 2 8:38:137501
CH<sub>3</sub>C<sub>9</sub>N:Methylcyanotetraacetylene:3339.7909 (2.0E-4), 3339.7909: :-7.4327:8(0) - 7(0), F = 8 - 7: :0.3899:0.56098:0.5013:0.72127:CDMS:221.82533:0.0:-8.54838: 8 0 8       7 0 7:34:137501
CH<sub>3</sub>C<sub>9</sub>N:Methylcyanotetraacetylene:3339.7909 (2.0E-4), 3339.7909: :-6.9488:8(0) - 7(0): :0.3899:0.56098:0.5013:0.72127:CDMS:675.94465:0.0:-8.06448: 8 0         7 0:34:137501
CH<sub>3</sub>C<sub>9</sub>N:Methylcyanotetraacetylene:3339.7968 (2.0E-4), 3339.7968: :-7.3954:8(1) - 7(1), F = 9 - 8: :5.6565:8.13849:5.7679:8.29878:CDMS:247.90151:0.0:-8.54841: 8 1 9       7 1 8:38:137501
CH<sub>3</sub>C<sub>9</sub>N:Methylcyanotetraacetylene:3339.8008 (2.0E-4), 3339.8008: :-7.3776:8(0) - 7(0), F = 9 - 8: :0.3899:0.56098:0.5013:0.72127:CDMS:251.83064:0.0:-8.54158: 8 0 9       7 0 8:38:137501
HC<sup>13</sup>CC<sub>5</sub>N:2,4,6-Heptatriynenitrile:3343.9929 (4.0E-4), 3343.9929: :-6.3351:3-2: :0.1115:0.16042:0.22304:0.32091:CDMS:69.70324:3.0:-8.36312:J=3-2:7:100504
HC<sub>6</sub><sup>13</sup>CN:2,4,6-Heptatriynenitrile:3345.2359 (4.0E-4), 3345.2359: :-6.3346:3-2: :0.1116:0.16057:0.22319:0.32111:CDMS:69.70524:3.0:-8.36262:J=3-2:7:100509
<i>l</i>-HC<sub>6</sub>N:Cyanobutadiynylmethylene:3359.9033 (0.0212), 3359.9033: ::N= 2- 1,  J= 2- 1,  F<sub>1</sub>= 2- 1,  F=3/2-1/2: :0.7161:1.0303:0.82817:1.19155:CDMS:14.48284:0.546:-8.79629: 2 2 2 2     1 1 1 1:4:87501
<i>l</i>-HC<sub>6</sub>N:Cyanobutadiynylmethylene:3361.7067 (0.0135), 3361.7067: ::N= 2- 1,  J= 2- 1,  F<sub>1</sub>= 1- 1,  F=1/2-1/2: :0.7161:1.0303:0.82823:1.19164:CDMS:11.83826:0.446:-8.58213: 2 2 1 1     1 1 1 1:2:87501
<i>l</i>-HC<sub>6</sub>N:Cyanobutadiynylmethylene:3361.7256 (0.0133), 3361.7256: ::N= 2- 1,  J= 2- 1,  F<sub>1</sub>= 3- 2,  F=5/2-3/2: :0.716:1.03016:0.82814:1.19149:CDMS:36.93879:1.393:-8.56505: 2 2 3 3     1 1 2 2:6:87501
<i>l</i>-HC<sub>6</sub>N:Cyanobutadiynylmethylene:3362.8954 (0.0299), 3362.8954: ::N= 2- 1,  J= 2- 1,  F<sub>1</sub>= 2- 2,  F=3/2-3/2: :0.716:1.03016:0.82817:1.19155:CDMS:13.70505:0.517:-8.81911: 2 2 2 2     1 1 2 2:4:87501
<i>l</i>-HC<sub>6</sub>N:Cyanobutadiynylmethylene:3365.1119 (0.0047), 3365.1119: ::N= 2- 1,  J= 2- 1,  F<sub>1</sub>= 2- 1,  F=5/2-3/2: :0.7157:1.02973:0.82795:1.19123:CDMS:40.10584:1.512:-8.52801: 2 2 2 3     1 1 1 2:6:87501
<i>l</i>-HC<sub>6</sub>N:Cyanobutadiynylmethylene:3365.2292 (4.0E-4), 3365.2292: :-6.8718:N= 2- 1,  J= 2- 1: :0.7158:1.02987:0.82805:1.19138:CDMS:238.71383:9.0:-8.45227: 2 2         1 1:30:87501
<i>l</i>-HC<sub>6</sub>N:Cyanobutadiynylmethylene:3366.0653 (0.0267), 3366.0653: ::N= 2- 1,  J= 2- 1,  F<sub>1</sub>= 1- 0,  F=3/2-1/2: :0.7157:1.02973:0.82798:1.19127:CDMS:24.89784:0.939:-8.5586: 2 2 1 2     1 1 0 1:4:87501
<i>l</i>-HC<sub>6</sub>N:Cyanobutadiynylmethylene:3367.1876 (0.008), 3367.1876: ::N= 2- 1,  J= 2- 1,  F<sub>1</sub>= 3- 2,  F=7/2-5/2: :0.7156:1.02958:0.82792:1.19118:CDMS:63.60216:2.398:-8.45188: 2 2 3 4     1 1 2 3:8:87501
HC<sub>2</sub><sup>13</sup>CC<sub>4</sub>N:2,4,6-Heptatriynenitrile:3370.1606 (4.0E-4), 3370.1606: :-6.325:3-2: :0.1124:0.16172:0.22482:0.32346:CDMS:69.6946:3.0:-8.35301:J=3-2:7:100505
HC<sub>5</sub><sup>13</sup>CCN:2,4,6-Heptatriynenitrile:3370.9624 (4.0E-4), 3370.9624: :-6.3247:3-2: :0.1124:0.16172:0.22484:0.3235:CDMS:69.69262:3.0:-8.35272:J=3-2:7:100508
HC<sub>11</sub>N:Cyanopentaacetylene:3381.2579 (6.0E-4), 3381.2579: :-6.2116:J = 10 - 9: :0.5075:0.73018:0.62029:0.89246:CDMS:299.19774:0.0:-8.19309:10           9:21:147501
HC<sub>11</sub>N:Cyanopentaacetylene:3381.2579 (6.0E-4), 3381.2579: :-6.087:10-9: :0.5075:0.73018:0.62029:0.89245:JPL:384.39003:10.0:-8.08428:J=10-9:21:147001
HC<sub>3</sub><sup>13</sup>CC<sub>3</sub>N:2,4,6-Heptatriynenitrile:3382.0964 (4.0E-4), 3382.0964: :-6.3204:3-2: :0.1128:0.16229:0.22561:0.32461:CDMS:69.69344:3.0:-8.34841:J=3-2:7:100506
HC<sub>4</sub><sup>13</sup>CC<sub>2</sub>N:2,4,6-Heptatriynenitrile:3382.3937 (4.0E-4), 3382.3937: :-6.3203:3-2: :0.1128:0.16229:0.22562:0.32462:CDMS:69.69109:3.0:-8.34831:J=3-2:7:100507
HC<sub>7</sub>N <font color="red">v = 0</font>:2,4,6-Heptatriynenitrile:3383.7922 (0.0025), 3383.7922: :-7.0186:J = 3 - 2, F = 2 - 1: :0.1129:0.16244:0.22577:0.32484:CDMS:41.82414:0.0:-8.4234: 3 2         2 1:5:99501
HC<sub>7</sub>N <font color="red">v = 0</font>:2,4,6-Heptatriynenitrile:3383.798 (0.0011), 3383.798: :-6.7607:J= 3- 2,  F= 2- 1:0:0.1129:0.16244:0.22577:0.32483:JPL:45.00542:1.8:-8.39156: 3 2         2 1:5:99002
HC<sub>7</sub>N <font color="red">v = 0</font>:2,4,6-Heptatriynenitrile:3384.0042 (0.001), 3384.0042: :-6.59:J= 3- 2,  F= 3- 2:0:0.1128:0.16229:0.22568:0.3247:JPL:66.66712:2.667:-8.36696: 3 3         2 2:7:99002
HC<sub>7</sub>N <font color="red">v = 0</font>:2,4,6-Heptatriynenitrile:3384.0063, 3384.0063: :-6.3196:J = 3 - 2: :0.1129:0.16244:0.22578:0.32485:CDMS:209.10869:0.0:-8.34762: 3           2:21:99501
HC<sub>7</sub>N <font color="red">v = 0</font>:2,4,6-Heptatriynenitrile:3384.0063, 3384.0063: :-6.8479:J = 3 - 2, F = 3 - 2: :0.1128:0.1623:0.22568:0.3247:CDMS:61.95436:0.0:-8.3988: 3 3         2 2:7:99501
HC<sub>7</sub>N <font color="red">v = 0</font>:2,4,6-Heptatriynenitrile:3384.0533 (9.0E-4), 3384.0533: :-6.4297:J= 3- 2,  F= 4- 3:0:0.1129:0.16244:0.22578:0.32484:JPL:96.42714:3.857:-8.3158: 3 4         2 3:9:99002
HC<sub>7</sub>N <font color="red">v = 0</font>:2,4,6-Heptatriynenitrile:3384.0574 (6.0E-4), 3384.0574: :-6.6876:J = 3 - 2, F = 4 - 3: :0.1129:0.16244:0.22578:0.32485:CDMS:89.61051:0.0:-8.34764: 3 4         2 3:9:99501
H<sub>2</sub>C<sub>5</sub>S:Pentatetraenthione:3388.2158 (4.0E-4), 3388.2158: :: 2( 0, 2)- 1( 0, 1): :0.0565:0.08129:0.16952:0.2439:CDMS:12.49911:0.0:-8.94624: 2 0 2       1 0 1  :  5:94504
HC<sub>7</sub>N <font color="red">v<sub>15</sub> = 1</font>:2,4,6-Heptatriynenitrile:3388.2401 (6.0E-4), 3388.2401: :-6.4988:J= 3- 2<i>,
l=1e</i>: :62.1037:89.35286:62.21672:89.51547:CDMS:61.95652:2.667:-8.39715: 3 1         2-1:7:99502
HC<sub>7</sub>N <font color="red">v<sub>15</sub> = 1</font>:2,4,6-Heptatriynenitrile:3390.3986 (6.0E-4), 3390.3986: :-6.4983:J= 3- 2<i>,
l=1f</i>: :62.1038:89.353:62.21689:89.51571:CDMS:61.94897:2.666:-8.39638: 3-1         2 1:7:99502
DC<sub>9</sub>N:Cyanotetraacetylene:3394.9893 (1.0E-4), 3394.9893: :-6.8141:J = 6 - 5, F = 5 - 4: :0.2831:0.40732:0.39634:0.57026:CDMS:132.74171:0.0:-8.25994: 6 5         5 4:11:124501
DC<sub>9</sub>N:Cyanotetraacetylene:3395.0218 (1.0E-4), 3395.0218: :-6.7392:J = 6 - 5, F = 6 - 5: :0.2831:0.40732:0.39635:0.57026:CDMS:157.72448:0.0:-8.25758: 6 6         5 5:13:124501
DC<sub>9</sub>N:Cyanotetraacetylene:3395.0218 (1.0E-4), 3395.0218: :-6.2498:J = 6 - 5: :0.2831:0.40732:0.39635:0.57026:CDMS:486.74232:0.0:-8.2453: 6           5:39:124501
DC<sub>9</sub>N:Cyanotetraacetylene:3395.0383 (1.0E-4), 3395.0383: :-6.6648:J = 6 - 5, F = 7 - 6: :0.2831:0.40732:0.39635:0.57026:CDMS:187.19528:0.0:-8.24533: 6 7         5 6:15:124501
C<sub>6</sub>O:Hexacarbon monoxide:3399.0307 (3.0E-4), 3399.0307: :-7.1629: 2( 2)- 1( 1): :1.1576:1.66552:1.27098:1.82865:JPL:19.76568:1.5:-8.74306: 2 2         1 1:5:88001
<i>l</i>-C<sub>7</sub>H<sub>2</sub>:Heptahexaenylidene:3399.7586 (5.0E-4), 3399.7586: :-6.8002: 2( 1, 2)- 1( 1, 1): :9.2433:13.29897:9.3567:13.46213:CDMS:266.79338:4.5:-8.08964: 2 1 2       1 1 1:15:86501
<i>l</i>-C<sub>7</sub>H<sub>2</sub>:Heptahexaenylidene:3402.4083 (5.0E-4), 3402.4083: :-7.1325: 2( 0, 2)- 1( 0, 1): :0.0567:0.08158:0.17019:0.24487:CDMS:118.59444:2.0:-7.96361: 2 0 2       1 0 1:5:86501
<i>l</i>-C<sub>7</sub>H<sub>2</sub>:Heptahexaenylidene:3404.9966 (5.0E-4), 3404.9966: :-6.7988: 2( 1, 1)- 1( 1, 0): :9.2434:13.29911:9.35698:13.46253:CDMS:266.8322:4.5:-8.08757: 2 1 1       1 1 0:15:86501
c-C<sub>3</sub>H:Cyclopropenylidyne:3415.5665 (0.1423), 3415.5665: :-6.8863: 3( 3, 0)- 3( 3, 1), J=5/2-5/2,  F= 2- 2: :14.0445:20.20679:14.15843:20.37071:JPL:18.5337:3.218:-8.76469: 3 3 0 3 2   3 3 1 3 2:5:37003
c-C<sub>3</sub>H:Cyclopropenylidyne:3415.6246 (0.1424), 3415.6246: :-6.7357: 3( 3, 0)- 3( 3, 1), J=5/2-5/2,  F= 3- 3: :14.0447:20.20707:14.15863:20.371:JPL:26.21487:4.551:-8.76021: 3 3 0 3 3   3 3 1 3 3:7:37003
H<sup>13</sup>CC<sub>8</sub>N:Cyanotetraacetylene:3420.6757 (2.0E-4), 3420.6757: :-6.8043:J = 6 - 5, F = 5 - 4: :0.2853:0.41049:0.3994:0.57465:CDMS:132.73731:0.0:-8.25013: 6 5         5 4:11:124502
H<sup>13</sup>CC<sub>8</sub>N:Cyanotetraacetylene:3420.7082 (2.0E-4), 3420.7082: :-6.7294:J = 6 - 5, F = 6 - 5: :0.2852:0.41034:0.3993:0.57451:CDMS:157.71919:0.0:-8.24778: 6 6         5 5:13:124502
H<sup>13</sup>CC<sub>8</sub>N:Cyanotetraacetylene:3420.7082 (2.0E-4), 3420.7082: :-6.24:J = 6 - 5: :0.2853:0.41049:0.3994:0.57465:CDMS:486.72624:0.0:-8.2355: 6           5:39:124502
H<sup>13</sup>CC<sub>8</sub>N:Cyanotetraacetylene:3420.7247 (2.0E-4), 3420.7247: :-6.655:J = 6 - 5, F = 7 - 6: :0.2853:0.41049:0.3994:0.57466:CDMS:187.1891:0.0:-8.23552: 6 7         5 6:15:124502
HC<sub>13</sub>N:Cyanohexaacetylene:3423.1212 (0.001), 3423.1212: :-6.1305:J = 16 - 15: :0.8564:1.23218:0.97058:1.39646:CDMS:557.01817:0.0:-8.10344:16          15:33:171501
HC<sub>9</sub><sup>15</sup>N:Cyanotetraacetylene:3423.5371 (1.0E-4), 3423.5371: :-6.2389:J = 6 - 5: :0.2855:0.41077:0.3997:0.57508:CDMS:162.25088:0.0:-8.2344: 6           5:13:124511
C<sub>7</sub>O:Heptacarbon monoxide:3437.6456 (2.0E-4), 3437.6456: :-6.375:3-2: :0.1147:0.16503:0.22937:0.33001:JPL:58.52995:3.0:-8.403:J=3-2:7:100001
HC<sup>13</sup>CC<sub>7</sub>N:Cyanotetraacetylene:3444.9252 (2.0E-4), 3444.9252: :-6.7951:J = 6 - 5, F = 5 - 4: :0.2873:0.41336:0.40221:0.57869:CDMS:132.73781:0.0:-8.24092: 6 5         5 4:11:124503
HC<sup>13</sup>CC<sub>7</sub>N:Cyanotetraacetylene:3444.9576 (2.0E-4), 3444.9576: :-6.7202:J = 6 - 5, F = 6 - 5: :0.2872:0.41322:0.40211:0.57855:CDMS:157.71982:0.0:-8.23857: 6 6         5 5:13:124503
HC<sup>13</sup>CC<sub>7</sub>N:Cyanotetraacetylene:3444.9576 (2.0E-4), 3444.9576: :-6.2308:J = 6 - 5: :0.2873:0.41336:0.40221:0.5787:CDMS:486.72818:0.0:-8.22629: 6           5:39:124503
HC<sup>13</sup>CC<sub>7</sub>N:Cyanotetraacetylene:3444.9742 (2.0E-4), 3444.9742: :-6.6458:J = 6 - 5, F = 7 - 6: :0.2873:0.41336:0.40221:0.5787:CDMS:187.18985:0.0:-8.22632: 6 7         5 6:15:124503
HC<sub>8</sub><sup>13</sup>CN:Cyanotetraacetylene:3446.0171 (2.0E-4), 3446.0171: :-6.8012:J = 6 - 5, F = 5 - 4: :0.2874:0.41351:0.40235:0.57889:CDMS:130.76215:0.0:-8.24702: 6 5         5 4:11:124510
HC<sub>8</sub><sup>13</sup>CN:Cyanotetraacetylene:3446.0496 (2.0E-4), 3446.0496: :-6.2304:J = 6 - 5: :0.2874:0.41351:0.40235:0.57889:CDMS:486.71402:0.0:-8.22589: 6           5:39:124510
HC<sub>8</sub><sup>13</sup>CN:Cyanotetraacetylene:3446.0496 (2.0E-4), 3446.0496: :-6.7262:J = 6 - 5, F = 6 - 5: :0.2873:0.41336:0.40225:0.57875:CDMS:155.4081:0.0:-8.24457: 6 6         5 5:13:124510
HC<sub>8</sub><sup>13</sup>CN:Cyanotetraacetylene:3446.0661 (2.0E-4), 3446.0661: :-6.6518:J = 6 - 5, F = 7 - 6: :0.2874:0.41351:0.40235:0.57889:CDMS:184.44619:0.0:-8.23232: 6 7         5 6:15:124510
c-C<sub>3</sub>H:Cyclopropenylidyne:3447.7142 (0.136), 3447.7142: :-6.7086: 3( 3, 0)- 3( 3, 1), J=7/2-7/2,  F= 3- 3: :14.0536:20.21988:14.1686:20.38534:JPL:27.38704:4.755:-8.72903: 3 3 0 4 3   3 3 1 4 3:7:37003
c-C<sub>3</sub>H:Cyclopropenylidyne:3447.8425 (0.1359), 3447.8425: :-6.60: 3( 3, 0)- 3( 3, 1), J=7/2-7/2,  F= 4- 4: :14.0532:20.2193:14.16821:20.38477:JPL:35.16511:6.105:-8.72955: 3 3 0 4 4   3 3 1 4 4:9:37003
